start_time,end_time,max_value,avg_value,length,duration,time_diff
2024-05-28 07:39:05+00:00,2024-05-28 07:39:17+00:00,80.39,68.8175,12,12.0,297.0
2024-05-28 07:43:24+00:00,2024-05-28 07:43:27+00:00,66.3,66.10666666666667,3,3.0,151.0
2024-05-28 07:45:49+00:00,2024-05-28 07:45:58+00:00,72.46,68.85333333333334,9,9.0,145.0
2024-05-28 07:47:04+00:00,2024-05-28 07:47:07+00:00,72.97,69.56333333333333,3,3.0,75.0
2024-05-28 07:47:23+00:00,2024-05-28 07:47:27+00:00,71.31,69.52250000000001,4,4.0,19.0
2024-05-28 07:49:12+00:00,2024-05-28 07:49:15+00:00,67.62,66.51333333333334,3,3.0,109.0
2024-05-28 07:50:38+00:00,2024-05-28 07:50:41+00:00,67.75,66.91666666666667,3,3.0,86.0
2024-05-28 07:50:43+00:00,2024-05-28 07:50:46+00:00,68.0,66.99333333333334,3,3.0,5.0
2024-05-28 07:51:33+00:00,2024-05-28 07:51:37+00:00,71.94,69.78999999999999,4,4.0,50.0
2024-05-28 07:52:32+00:00,2024-05-28 07:52:36+00:00,70.74,69.305,4,4.0,59.0
2024-05-28 07:52:45+00:00,2024-05-28 07:52:50+00:00,71.23,68.486,5,5.0,13.0
2024-05-28 07:52:51+00:00,2024-05-28 07:52:59+00:00,68.85,66.98875,8,8.0,6.0
2024-05-28 07:53:03+00:00,2024-05-28 07:53:19+00:00,73.49,68.56812500000001,16,16.0,12.0
2024-05-28 07:55:09+00:00,2024-05-28 07:55:12+00:00,69.53,68.68333333333334,3,3.0,126.0
2024-05-28 07:55:42+00:00,2024-05-28 07:55:45+00:00,70.53,68.56666666666666,3,3.0,33.0
2024-05-28 07:55:51+00:00,2024-05-28 07:55:55+00:00,69.59,68.5275,4,4.0,9.0
2024-05-28 07:56:16+00:00,2024-05-28 07:56:19+00:00,67.99,66.92999999999999,3,3.0,25.0
2024-05-28 07:57:31+00:00,2024-05-28 07:57:48+00:00,75.71,70.08117647058825,17,17.0,75.0
2024-05-28 07:58:34+00:00,2024-05-28 07:58:41+00:00,73.83,69.83571428571429,7,7.0,63.0
2024-05-28 07:59:28+00:00,2024-05-28 07:59:32+00:00,70.14,68.5525,4,4.0,54.0
2024-05-28 08:00:26+00:00,2024-05-28 08:00:29+00:00,74.25,70.75333333333333,3,3.0,58.0
2024-05-28 08:04:10+00:00,2024-05-28 08:04:16+00:00,75.42,72.03666666666668,6,6.0,224.0
2024-05-28 08:06:21+00:00,2024-05-28 08:06:27+00:00,68.79,66.84166666666667,6,6.0,131.0
2024-05-28 08:08:26+00:00,2024-05-28 08:08:30+00:00,67.75,67.0425,4,4.0,125.0
2024-05-28 08:08:41+00:00,2024-05-28 08:08:46+00:00,68.37,66.76,5,5.0,15.0
2024-05-28 08:08:49+00:00,2024-05-28 08:08:53+00:00,71.51,68.45,4,4.0,8.0
2024-05-28 08:09:02+00:00,2024-05-28 08:09:09+00:00,69.76,66.94857142857143,7,7.0,13.0
2024-05-28 08:09:15+00:00,2024-05-28 08:09:20+00:00,68.33,66.88,5,5.0,13.0
2024-05-28 08:10:47+00:00,2024-05-28 08:10:51+00:00,71.46,68.6725,4,4.0,92.0
2024-05-28 08:13:37+00:00,2024-05-28 08:13:42+00:00,71.69,69.16,5,5.0,170.0
2024-05-28 08:15:01+00:00,2024-05-28 08:15:12+00:00,69.59,67.58727272727273,11,11.0,84.0
2024-05-28 08:15:17+00:00,2024-05-28 08:15:20+00:00,68.85,67.44333333333333,3,3.0,16.0
2024-05-28 08:17:44+00:00,2024-05-28 08:17:49+00:00,69.38,67.56800000000001,5,5.0,147.0
2024-05-28 08:18:50+00:00,2024-05-28 08:18:57+00:00,68.44,66.92,7,7.0,66.0
2024-05-28 08:19:36+00:00,2024-05-28 08:19:39+00:00,71.06,69.31666666666666,3,3.0,46.0
2024-05-28 08:21:20+00:00,2024-05-28 08:21:23+00:00,67.01,66.37,3,3.0,104.0
2024-05-28 08:21:53+00:00,2024-05-28 08:22:03+00:00,68.27,66.646,10,10.0,33.0
2024-05-28 08:22:12+00:00,2024-05-28 08:22:20+00:00,70.62,67.26,8,8.0,19.0
2024-05-28 08:23:09+00:00,2024-05-28 08:23:18+00:00,79.37,72.37111111111112,9,9.0,57.0
2024-05-28 08:23:19+00:00,2024-05-28 08:23:24+00:00,67.8,67.112,5,5.0,10.0
2024-05-28 08:23:42+00:00,2024-05-28 08:23:47+00:00,66.92,65.876,5,5.0,23.0
2024-05-28 08:23:58+00:00,2024-05-28 08:24:03+00:00,70.36,68.328,5,5.0,16.0
2024-05-28 08:25:07+00:00,2024-05-28 08:25:10+00:00,66.52,65.76333333333334,3,3.0,69.0
2024-05-28 08:26:17+00:00,2024-05-28 08:26:22+00:00,66.44,65.654,5,5.0,70.0
2024-05-28 08:26:35+00:00,2024-05-28 08:26:38+00:00,66.9,66.30666666666667,3,3.0,18.0
2024-05-28 08:27:56+00:00,2024-05-28 08:28:24+00:00,84.97,73.41392857142857,28,28.0,81.0
2024-05-28 08:30:58+00:00,2024-05-28 08:31:01+00:00,69.84,67.29,3,3.0,182.0
2024-05-28 08:32:30+00:00,2024-05-28 08:32:47+00:00,74.68,70.18176470588234,17,17.0,92.0
2024-05-28 08:32:58+00:00,2024-05-28 08:33:01+00:00,68.27,67.41333333333334,3,3.0,28.0
2024-05-28 08:34:40+00:00,2024-05-28 08:34:46+00:00,71.85,69.12666666666667,6,6.0,102.0
2024-05-28 08:35:04+00:00,2024-05-28 08:35:09+00:00,71.55,67.894,5,5.0,24.0
2024-05-28 08:35:21+00:00,2024-05-28 08:35:30+00:00,69.32,66.92666666666666,9,9.0,17.0
2024-05-28 08:36:59+00:00,2024-05-28 08:37:03+00:00,74.09,71.72500000000001,4,4.0,98.0
2024-05-28 08:37:26+00:00,2024-05-28 08:37:29+00:00,68.2,66.91333333333334,3,3.0,27.0
2024-05-28 08:37:34+00:00,2024-05-28 08:37:49+00:00,76.63,70.30133333333333,15,15.0,8.0
2024-05-28 08:39:02+00:00,2024-05-28 08:39:06+00:00,68.21,67.5625,4,4.0,88.0
2024-05-28 08:39:26+00:00,2024-05-28 08:39:36+00:00,70.25,68.131,10,10.0,24.0
2024-05-28 08:39:38+00:00,2024-05-28 08:39:42+00:00,66.89,66.5,4,4.0,12.0
2024-05-28 08:39:45+00:00,2024-05-28 08:39:56+00:00,72.09,68.99272727272727,11,11.0,7.0
2024-05-28 08:39:58+00:00,2024-05-28 08:40:04+00:00,69.6,67.42666666666666,6,6.0,13.0
2024-05-28 08:41:24+00:00,2024-05-28 08:41:28+00:00,70.19,68.7175,4,4.0,86.0
2024-05-28 08:41:48+00:00,2024-05-28 08:42:06+00:00,73.02,69.625,18,18.0,24.0
2024-05-28 08:44:30+00:00,2024-05-28 08:44:38+00:00,69.49,67.9825,8,8.0,162.0
2024-05-28 08:45:26+00:00,2024-05-28 08:45:31+00:00,73.03,70.732,5,5.0,56.0
2024-05-28 08:46:38+00:00,2024-05-28 08:46:46+00:00,69.91,68.1775,8,8.0,72.0
2024-05-28 08:47:47+00:00,2024-05-28 08:47:52+00:00,70.18,67.84200000000001,5,5.0,69.0
2024-05-28 08:49:31+00:00,2024-05-28 08:49:34+00:00,74.17,70.47666666666667,3,3.0,104.0
2024-05-28 08:49:48+00:00,2024-05-28 08:49:55+00:00,72.6,69.58,7,7.0,17.0
2024-05-28 08:50:18+00:00,2024-05-28 08:51:13+00:00,72.27,67.91745454545455,55,55.0,30.0
2024-05-28 08:52:05+00:00,2024-05-28 08:52:10+00:00,70.21,69.076,5,5.0,107.0
2024-05-28 08:53:20+00:00,2024-05-28 08:53:44+00:00,80.43,71.85375,24,24.0,75.0
2024-05-28 08:53:49+00:00,2024-05-28 08:54:09+00:00,72.1,67.881,20,20.0,29.0
2024-05-28 08:54:13+00:00,2024-05-28 08:54:25+00:00,71.96,69.19333333333333,12,12.0,24.0
2024-05-28 08:54:28+00:00,2024-05-28 08:54:34+00:00,73.5,70.23,6,6.0,15.0
2024-05-28 08:55:45+00:00,2024-05-28 08:55:56+00:00,72.1,68.83454545454545,11,11.0,77.0
2024-05-28 08:56:12+00:00,2024-05-28 08:56:28+00:00,80.84,69.86,16,16.0,27.0
2024-05-28 08:56:38+00:00,2024-05-28 08:56:42+00:00,70.19,69.2325,4,4.0,26.0
2024-05-28 08:57:41+00:00,2024-05-28 08:57:48+00:00,70.58,68.33857142857143,7,7.0,63.0
2024-05-28 08:57:58+00:00,2024-05-28 08:58:04+00:00,75.93,68.09666666666668,6,6.0,17.0
2024-05-28 08:58:14+00:00,2024-05-28 08:58:29+00:00,78.28,73.18133333333334,15,15.0,16.0
2024-05-28 09:00:43+00:00,2024-05-28 09:00:49+00:00,68.59,66.865,6,6.0,149.0
2024-05-28 09:00:53+00:00,2024-05-28 09:00:57+00:00,66.56,66.0475,4,4.0,10.0
2024-05-28 09:01:21+00:00,2024-05-28 09:01:26+00:00,71.58,68.65799999999999,5,5.0,28.0
2024-05-28 09:01:58+00:00,2024-05-28 09:02:01+00:00,67.58,66.51333333333334,3,3.0,37.0
2024-05-28 09:02:52+00:00,2024-05-28 09:03:04+00:00,75.24,71.4025,12,12.0,54.0
2024-05-28 09:03:58+00:00,2024-05-28 09:04:01+00:00,67.68,66.65333333333334,3,3.0,66.0
2024-05-28 09:05:16+00:00,2024-05-28 09:05:19+00:00,69.05,66.45333333333333,3,3.0,78.0
2024-05-28 09:05:20+00:00,2024-05-28 09:05:34+00:00,77.45,70.87214285714286,14,14.0,4.0
2024-05-28 09:05:42+00:00,2024-05-28 09:05:55+00:00,71.83,68.64538461538461,13,13.0,22.0
2024-05-28 09:07:03+00:00,2024-05-28 09:07:08+00:00,71.78,69.488,5,5.0,81.0
2024-05-28 09:07:30+00:00,2024-05-28 09:07:36+00:00,68.56,67.40666666666667,6,6.0,27.0
2024-05-28 09:07:39+00:00,2024-05-28 09:07:48+00:00,69.48,67.25,9,9.0,9.0
2024-05-28 09:10:00+00:00,2024-05-28 09:10:04+00:00,67.74,66.525,4,4.0,141.0
2024-05-28 09:10:05+00:00,2024-05-28 09:10:20+00:00,71.16,67.80666666666667,15,15.0,5.0
2024-05-28 09:12:43+00:00,2024-05-28 09:12:47+00:00,67.43,66.005,4,4.0,158.0
2024-05-28 09:13:05+00:00,2024-05-28 09:13:17+00:00,72.47,68.39999999999999,12,12.0,22.0
2024-05-28 09:13:40+00:00,2024-05-28 09:13:44+00:00,68.58,67.4275,4,4.0,35.0
2024-05-28 09:14:36+00:00,2024-05-28 09:14:41+00:00,70.11,68.07000000000001,5,5.0,56.0
2024-05-28 09:14:46+00:00,2024-05-28 09:14:55+00:00,75.99,70.43111111111111,9,9.0,10.0
2024-05-28 09:16:53+00:00,2024-05-28 09:17:02+00:00,69.53,67.94888888888889,9,9.0,127.0
2024-05-28 09:17:13+00:00,2024-05-28 09:17:18+00:00,67.51,65.94000000000001,5,5.0,20.0
2024-05-28 09:18:01+00:00,2024-05-28 09:18:04+00:00,73.06,68.24,3,3.0,48.0
2024-05-28 09:18:57+00:00,2024-05-28 09:19:02+00:00,69.41,67.63199999999999,5,5.0,56.0
2024-05-28 09:19:19+00:00,2024-05-28 09:19:24+00:00,67.89,66.576,5,5.0,22.0
2024-05-28 09:21:49+00:00,2024-05-28 09:21:54+00:00,67.37,66.61,5,5.0,150.0
2024-05-28 09:25:43+00:00,2024-05-28 09:25:48+00:00,69.66,68.758,5,5.0,234.0
2024-05-28 09:26:09+00:00,2024-05-28 09:26:12+00:00,81.3,77.96333333333332,3,3.0,26.0
2024-05-28 09:26:14+00:00,2024-05-28 09:26:19+00:00,69.38,66.83,5,5.0,5.0
2024-05-28 09:26:51+00:00,2024-05-28 09:26:59+00:00,73.81,68.05,8,8.0,37.0
2024-05-28 09:28:36+00:00,2024-05-28 09:28:45+00:00,74.22,71.77888888888889,9,9.0,105.0
2024-05-28 09:29:17+00:00,2024-05-28 09:29:20+00:00,67.61,66.35666666666667,3,3.0,41.0
2024-05-28 09:29:46+00:00,2024-05-28 09:29:50+00:00,67.5,67.07,4,4.0,29.0
2024-05-28 09:30:03+00:00,2024-05-28 09:30:08+00:00,67.51,66.512,5,5.0,17.0
2024-05-28 09:30:10+00:00,2024-05-28 09:30:15+00:00,69.89,67.724,5,5.0,7.0
2024-05-28 09:30:51+00:00,2024-05-28 09:30:54+00:00,70.76,68.93,3,3.0,41.0
2024-05-28 09:31:24+00:00,2024-05-28 09:31:39+00:00,72.62,70.204,15,15.0,33.0
2024-05-28 09:31:40+00:00,2024-05-28 09:31:43+00:00,67.01,66.50666666666667,3,3.0,16.0
2024-05-28 09:33:35+00:00,2024-05-28 09:33:38+00:00,67.39,66.85000000000001,3,3.0,115.0
2024-05-28 09:33:50+00:00,2024-05-28 09:33:55+00:00,67.65,66.462,5,5.0,15.0
2024-05-28 09:34:12+00:00,2024-05-28 09:34:17+00:00,72.03,70.1,5,5.0,22.0
2024-05-28 09:35:43+00:00,2024-05-28 09:35:51+00:00,71.81,69.78,8,8.0,91.0
2024-05-28 09:36:01+00:00,2024-05-28 09:36:12+00:00,70.29,68.29909090909092,11,11.0,18.0
2024-05-28 09:36:20+00:00,2024-05-28 09:36:29+00:00,70.74,68.11444444444444,9,9.0,19.0
2024-05-28 09:40:24+00:00,2024-05-28 09:40:32+00:00,68.15,66.845,8,8.0,244.0
2024-05-28 09:40:39+00:00,2024-05-28 09:40:55+00:00,75.11,70.1925,16,16.0,15.0
2024-05-28 09:41:56+00:00,2024-05-28 09:42:00+00:00,68.79,67.6425,4,4.0,77.0
2024-05-28 09:42:31+00:00,2024-05-28 09:42:48+00:00,70.17,67.51588235294118,17,17.0,35.0
2024-05-28 09:42:53+00:00,2024-05-28 09:43:02+00:00,72.77,70.04666666666667,9,9.0,22.0
2024-05-28 09:43:05+00:00,2024-05-28 09:43:10+00:00,68.07,66.45599999999999,5,5.0,12.0
2024-05-28 09:43:58+00:00,2024-05-28 09:44:05+00:00,71.39,69.35857142857142,7,7.0,53.0
2024-05-28 09:44:48+00:00,2024-05-28 09:45:05+00:00,72.22,68.24823529411765,17,17.0,50.0
2024-05-28 09:45:19+00:00,2024-05-28 09:45:23+00:00,68.56,67.1875,4,4.0,31.0
2024-05-28 09:45:28+00:00,2024-05-28 09:45:32+00:00,69.45,67.5325,4,4.0,9.0
2024-05-28 09:45:59+00:00,2024-05-28 09:46:06+00:00,76.8,72.71000000000001,7,7.0,31.0
2024-05-28 09:47:00+00:00,2024-05-28 09:47:04+00:00,65.33,65.23,4,4.0,61.0
2024-05-28 09:47:06+00:00,2024-05-28 09:47:30+00:00,80.87,69.92291666666667,24,24.0,6.0
2024-05-28 09:49:35+00:00,2024-05-28 09:49:42+00:00,71.67,68.35857142857142,7,7.0,149.0
2024-05-28 09:51:33+00:00,2024-05-28 09:51:37+00:00,70.38,68.595,4,4.0,118.0
2024-05-28 09:51:40+00:00,2024-05-28 09:51:44+00:00,65.92,65.615,4,4.0,7.0
2024-05-28 09:51:48+00:00,2024-05-28 09:51:52+00:00,68.46,67.0625,4,4.0,8.0
2024-05-28 09:52:01+00:00,2024-05-28 09:52:05+00:00,71.07,67.8925,4,4.0,13.0
2024-05-28 09:52:33+00:00,2024-05-28 09:52:43+00:00,76.49,71.277,10,10.0,32.0
2024-05-28 09:53:28+00:00,2024-05-28 09:53:32+00:00,71.22,69.7375,4,4.0,55.0
2024-05-28 09:55:37+00:00,2024-05-28 09:55:42+00:00,73.6,71.71,5,5.0,129.0
2024-05-28 09:56:43+00:00,2024-05-28 09:56:49+00:00,70.62,68.64999999999999,6,6.0,66.0
2024-05-28 09:56:52+00:00,2024-05-28 09:56:58+00:00,72.58,67.67833333333333,6,6.0,9.0
2024-05-28 09:57:00+00:00,2024-05-28 09:57:05+00:00,65.93,65.636,5,5.0,8.0
2024-05-28 09:57:06+00:00,2024-05-28 09:57:10+00:00,68.92,67.23,4,4.0,6.0
2024-05-28 09:59:23+00:00,2024-05-28 09:59:27+00:00,73.05,69.6975,4,4.0,137.0
2024-05-28 09:59:40+00:00,2024-05-28 09:59:45+00:00,72.5,70.70599999999999,5,5.0,17.0
2024-05-28 10:02:23+00:00,2024-05-28 10:02:28+00:00,72.82,70.422,5,5.0,163.0
2024-05-28 10:03:37+00:00,2024-05-28 10:03:40+00:00,67.25,66.89666666666666,3,3.0,74.0
2024-05-28 10:03:50+00:00,2024-05-28 10:04:04+00:00,77.33,71.66857142857143,14,14.0,13.0
2024-05-28 10:05:26+00:00,2024-05-28 10:05:31+00:00,69.23,67.298,5,5.0,96.0
2024-05-28 10:05:50+00:00,2024-05-28 10:05:55+00:00,70.3,68.28599999999999,5,5.0,24.0
2024-05-28 10:06:30+00:00,2024-05-28 10:06:42+00:00,78.57,71.70583333333333,12,12.0,40.0
2024-05-28 10:07:44+00:00,2024-05-28 10:07:49+00:00,68.83,67.00800000000001,5,5.0,74.0
2024-05-28 10:08:15+00:00,2024-05-28 10:08:22+00:00,71.63,68.36142857142856,7,7.0,31.0
2024-05-28 10:08:27+00:00,2024-05-28 10:08:37+00:00,77.63,69.205,10,10.0,12.0
2024-05-28 10:08:45+00:00,2024-05-28 10:08:51+00:00,69.34,67.17833333333333,6,6.0,18.0
2024-05-28 10:09:56+00:00,2024-05-28 10:10:03+00:00,71.96,68.61,7,7.0,71.0
2024-05-28 10:11:00+00:00,2024-05-28 10:11:08+00:00,71.6,68.41,8,8.0,64.0
2024-05-28 10:13:25+00:00,2024-05-28 10:13:34+00:00,73.59,69.66444444444444,9,9.0,145.0
2024-05-28 10:14:11+00:00,2024-05-28 10:14:20+00:00,73.31,68.28444444444443,9,9.0,46.0
2024-05-28 10:17:16+00:00,2024-05-28 10:17:20+00:00,71.83,69.28999999999999,4,4.0,185.0
2024-05-28 10:17:46+00:00,2024-05-28 10:17:51+00:00,69.28,67.604,5,5.0,30.0
2024-05-28 10:18:05+00:00,2024-05-28 10:18:09+00:00,68.08,67.2975,4,4.0,19.0
2024-05-28 10:18:38+00:00,2024-05-28 10:18:43+00:00,72.55,70.756,5,5.0,33.0
2024-05-28 10:19:50+00:00,2024-05-28 10:19:55+00:00,72.65,68.42,5,5.0,72.0
2024-05-28 10:19:58+00:00,2024-05-28 10:20:12+00:00,81.02,73.49714285714286,14,14.0,8.0
2024-05-28 10:20:56+00:00,2024-05-28 10:20:59+00:00,71.04,67.89,3,3.0,58.0
2024-05-28 10:21:45+00:00,2024-05-28 10:21:49+00:00,73.03,71.1675,4,4.0,49.0
2024-05-28 10:22:25+00:00,2024-05-28 10:22:37+00:00,74.62,69.3025,12,12.0,40.0
2024-05-28 10:23:50+00:00,2024-05-28 10:23:54+00:00,70.52,68.6925,4,4.0,85.0
2024-05-28 10:24:36+00:00,2024-05-28 10:24:39+00:00,75.74,71.21666666666665,3,3.0,46.0
2024-05-28 10:28:14+00:00,2024-05-28 10:28:19+00:00,73.36,71.574,5,5.0,218.0
2024-05-28 10:29:28+00:00,2024-05-28 10:29:31+00:00,73.88,70.56,3,3.0,74.0
2024-05-28 10:29:39+00:00,2024-05-28 10:29:47+00:00,68.52,67.0525,8,8.0,11.0
2024-05-28 10:30:24+00:00,2024-05-28 10:30:29+00:00,72.64,70.08,5,5.0,45.0
2024-05-28 10:30:33+00:00,2024-05-28 10:30:37+00:00,68.67,67.2925,4,4.0,9.0
2024-05-28 10:30:41+00:00,2024-05-28 10:30:48+00:00,66.21,65.83142857142857,7,7.0,8.0
2024-05-28 10:32:07+00:00,2024-05-28 10:32:11+00:00,67.03,66.3625,4,4.0,86.0
2024-05-28 10:32:14+00:00,2024-05-28 10:32:18+00:00,68.51,67.215,4,4.0,7.0
2024-05-28 10:32:46+00:00,2024-05-28 10:32:49+00:00,68.07,67.35,3,3.0,32.0
2024-05-28 10:33:55+00:00,2024-05-28 10:34:00+00:00,71.32,69.624,5,5.0,69.0
2024-05-28 10:34:09+00:00,2024-05-28 10:34:23+00:00,75.3,70.88714285714285,14,14.0,14.0
2024-05-28 10:36:36+00:00,2024-05-28 10:36:53+00:00,77.19,69.70764705882353,17,17.0,147.0
2024-05-28 10:38:27+00:00,2024-05-28 10:38:30+00:00,67.16,66.47666666666667,3,3.0,111.0
2024-05-28 10:38:40+00:00,2024-05-28 10:38:50+00:00,73.79,69.784,10,10.0,13.0
2024-05-28 10:40:08+00:00,2024-05-28 10:40:12+00:00,70.72,68.4525,4,4.0,88.0
2024-05-28 10:41:18+00:00,2024-05-28 10:41:26+00:00,67.62,66.41875,8,8.0,70.0
2024-05-28 10:42:26+00:00,2024-05-28 10:42:31+00:00,71.93,68.596,5,5.0,68.0
2024-05-28 10:43:40+00:00,2024-05-28 10:43:50+00:00,66.83,65.856,10,10.0,74.0
2024-05-28 10:45:37+00:00,2024-05-28 10:45:40+00:00,68.97,66.62,3,3.0,117.0
2024-05-28 10:47:46+00:00,2024-05-28 10:47:50+00:00,68.57,67.715,4,4.0,129.0
2024-05-28 10:51:08+00:00,2024-05-28 10:51:11+00:00,65.77,65.36999999999999,3,3.0,202.0
2024-05-28 10:52:00+00:00,2024-05-28 10:52:06+00:00,71.61,69.36666666666666,6,6.0,52.0
2024-05-28 10:52:19+00:00,2024-05-28 10:52:24+00:00,73.79,72.062,5,5.0,19.0
2024-05-28 10:54:55+00:00,2024-05-28 10:55:00+00:00,69.06,68.102,5,5.0,156.0
2024-05-28 10:55:59+00:00,2024-05-28 10:56:02+00:00,72.01,69.14999999999999,3,3.0,64.0
2024-05-28 10:56:18+00:00,2024-05-28 10:56:21+00:00,66.76,66.22333333333334,3,3.0,19.0
2024-05-28 10:56:25+00:00,2024-05-28 10:56:28+00:00,65.45,65.21,3,3.0,7.0
2024-05-28 10:56:29+00:00,2024-05-28 10:56:35+00:00,73.56,70.41166666666668,6,6.0,4.0
2024-05-28 10:57:12+00:00,2024-05-28 10:57:18+00:00,69.14,67.47,6,6.0,43.0
2024-05-28 10:57:30+00:00,2024-05-28 10:57:34+00:00,66.3,65.66,4,4.0,18.0
2024-05-28 10:58:18+00:00,2024-05-28 10:58:22+00:00,67.29,66.1875,4,4.0,48.0
2024-05-28 10:58:24+00:00,2024-05-28 10:58:27+00:00,65.07,65.04,3,3.0,6.0
2024-05-28 10:58:32+00:00,2024-05-28 10:58:38+00:00,72.02,70.72666666666667,6,6.0,8.0
2024-05-28 11:00:38+00:00,2024-05-28 11:00:44+00:00,72.06,69.71166666666666,6,6.0,126.0
2024-05-28 11:01:26+00:00,2024-05-28 11:01:30+00:00,77.64,74.065,4,4.0,48.0
2024-05-28 11:01:37+00:00,2024-05-28 11:01:41+00:00,76.69,69.9475,4,4.0,11.0
2024-05-28 11:01:55+00:00,2024-05-28 11:02:07+00:00,76.49,71.05833333333334,12,12.0,18.0
2024-05-28 11:03:04+00:00,2024-05-28 11:03:09+00:00,74.59,71.72,5,5.0,69.0
2024-05-28 11:04:10+00:00,2024-05-28 11:04:13+00:00,67.46,66.18333333333334,3,3.0,66.0
2024-05-28 11:04:35+00:00,2024-05-28 11:04:43+00:00,72.04,67.15625,8,8.0,25.0
2024-05-28 11:06:12+00:00,2024-05-28 11:06:18+00:00,73.46,70.68666666666667,6,6.0,97.0
2024-05-28 11:10:16+00:00,2024-05-28 11:10:22+00:00,71.48,68.53,6,6.0,244.0
2024-05-28 11:11:34+00:00,2024-05-28 11:11:39+00:00,71.86,70.026,5,5.0,78.0
2024-05-28 11:11:57+00:00,2024-05-28 11:12:02+00:00,73.4,71.788,5,5.0,23.0
2024-05-28 11:13:55+00:00,2024-05-28 11:14:05+00:00,76.43,71.15299999999999,10,10.0,118.0
2024-05-28 11:15:02+00:00,2024-05-28 11:15:08+00:00,71.68,68.98166666666667,6,6.0,67.0
2024-05-28 11:15:58+00:00,2024-05-28 11:16:05+00:00,70.87,68.0,7,7.0,56.0
2024-05-28 11:18:01+00:00,2024-05-28 11:18:05+00:00,72.14,70.2375,4,4.0,123.0
2024-05-28 11:18:21+00:00,2024-05-28 11:18:30+00:00,72.17,68.35555555555555,9,9.0,20.0
2024-05-28 11:19:13+00:00,2024-05-28 11:19:17+00:00,73.05,69.255,4,4.0,52.0
2024-05-28 11:20:37+00:00,2024-05-28 11:20:40+00:00,83.74,71.96333333333332,3,3.0,84.0
2024-05-28 11:20:44+00:00,2024-05-28 11:21:01+00:00,79.58,72.3,17,17.0,7.0
2024-05-28 11:21:23+00:00,2024-05-28 11:21:30+00:00,68.56,66.43714285714286,7,7.0,39.0
2024-05-28 11:22:39+00:00,2024-05-28 11:23:06+00:00,73.95,67.84296296296296,27,27.0,76.0
2024-05-28 11:23:23+00:00,2024-05-28 11:23:27+00:00,66.26,65.51,4,4.0,44.0
2024-05-28 11:24:21+00:00,2024-05-28 11:24:24+00:00,73.1,71.86333333333333,3,3.0,58.0
2024-05-28 11:25:48+00:00,2024-05-28 11:25:51+00:00,76.14,69.14999999999999,3,3.0,87.0
2024-05-28 11:26:08+00:00,2024-05-28 11:26:11+00:00,70.42,67.82333333333334,3,3.0,20.0
2024-05-28 11:26:13+00:00,2024-05-28 11:26:17+00:00,72.32,69.74249999999999,4,4.0,5.0
2024-05-28 11:26:47+00:00,2024-05-28 11:26:54+00:00,70.21,68.54714285714286,7,7.0,34.0
2024-05-28 11:27:31+00:00,2024-05-28 11:27:34+00:00,72.1,68.57,3,3.0,44.0
2024-05-28 11:27:36+00:00,2024-05-28 11:27:39+00:00,73.21,68.94333333333333,3,3.0,5.0
2024-05-28 11:27:40+00:00,2024-05-28 11:27:45+00:00,70.68,67.276,5,5.0,4.0
2024-05-28 11:28:44+00:00,2024-05-28 11:28:51+00:00,68.32,66.28714285714285,7,7.0,64.0
2024-05-28 11:28:59+00:00,2024-05-28 11:29:05+00:00,74.33,70.89166666666667,6,6.0,15.0
2024-05-28 11:29:59+00:00,2024-05-28 11:30:02+00:00,66.76,66.09666666666668,3,3.0,60.0
2024-05-28 11:32:33+00:00,2024-05-28 11:32:45+00:00,71.14,67.87583333333333,12,12.0,154.0
2024-05-28 11:33:02+00:00,2024-05-28 11:33:07+00:00,68.21,66.122,5,5.0,29.0
2024-05-28 11:33:16+00:00,2024-05-28 11:33:20+00:00,65.72,65.325,4,4.0,14.0
2024-05-28 11:33:40+00:00,2024-05-28 11:33:43+00:00,66.88,66.17333333333333,3,3.0,24.0
2024-05-28 11:37:05+00:00,2024-05-28 11:37:08+00:00,66.09,65.46333333333332,3,3.0,188.0
2024-05-28 11:37:17+00:00,2024-05-28 11:37:22+00:00,68.38,67.19399999999999,5,5.0,12.0
2024-05-28 11:37:23+00:00,2024-05-28 11:37:27+00:00,66.95,66.515,4,4.0,6.0
2024-05-28 11:38:48+00:00,2024-05-28 11:38:53+00:00,70.41,67.308,5,5.0,75.0
2024-05-28 11:39:21+00:00,2024-05-28 11:39:24+00:00,66.77,65.82333333333334,3,3.0,33.0
2024-05-28 11:39:25+00:00,2024-05-28 11:39:36+00:00,74.77,69.70636363636363,11,11.0,4.0
2024-05-28 11:39:44+00:00,2024-05-28 11:39:48+00:00,67.53,66.435,4,4.0,19.0
2024-05-28 11:42:08+00:00,2024-05-28 11:42:15+00:00,71.37,69.51285714285714,7,7.0,144.0
2024-05-28 11:42:32+00:00,2024-05-28 11:42:37+00:00,71.01,67.69,5,5.0,24.0
2024-05-28 11:43:00+00:00,2024-05-28 11:43:06+00:00,74.19,70.19,6,6.0,28.0
2024-05-28 11:43:08+00:00,2024-05-28 11:43:18+00:00,68.76,67.035,10,10.0,8.0
2024-05-28 11:43:20+00:00,2024-05-28 11:43:26+00:00,67.87,67.115,6,6.0,12.0
2024-05-28 11:44:36+00:00,2024-05-28 11:44:39+00:00,69.87,68.34333333333333,3,3.0,76.0
2024-05-28 11:46:06+00:00,2024-05-28 11:46:11+00:00,65.48,65.226,5,5.0,90.0
2024-05-28 11:46:14+00:00,2024-05-28 11:46:23+00:00,73.0,67.97333333333333,9,9.0,8.0
2024-05-28 11:46:25+00:00,2024-05-28 11:46:37+00:00,73.19,67.93833333333333,12,12.0,11.0
2024-05-28 11:48:38+00:00,2024-05-28 11:48:50+00:00,69.42,67.395,12,12.0,133.0
2024-05-28 11:48:51+00:00,2024-05-28 11:48:56+00:00,72.91,68.25999999999999,5,5.0,13.0
2024-05-28 11:48:58+00:00,2024-05-28 11:49:04+00:00,66.37,65.83999999999999,6,6.0,7.0
2024-05-28 11:49:09+00:00,2024-05-28 11:49:12+00:00,66.5,66.03333333333333,3,3.0,11.0
2024-05-28 11:49:53+00:00,2024-05-28 11:49:56+00:00,77.16,71.62333333333333,3,3.0,44.0
2024-05-28 11:50:26+00:00,2024-05-28 11:50:31+00:00,71.66,69.556,5,5.0,33.0
2024-05-28 11:50:51+00:00,2024-05-28 11:51:12+00:00,76.43,70.52047619047619,21,21.0,25.0
2024-05-28 11:52:04+00:00,2024-05-28 11:52:11+00:00,70.26,67.80285714285715,7,7.0,73.0
2024-05-28 11:52:45+00:00,2024-05-28 11:52:50+00:00,71.72,68.556,5,5.0,41.0
2024-05-28 11:53:19+00:00,2024-05-28 11:53:22+00:00,67.8,66.58999999999999,3,3.0,34.0
2024-05-28 11:53:41+00:00,2024-05-28 11:53:48+00:00,69.6,67.75,7,7.0,22.0
2024-05-28 11:53:59+00:00,2024-05-28 11:54:03+00:00,71.34,68.9975,4,4.0,18.0
2024-05-28 11:54:42+00:00,2024-05-28 11:54:52+00:00,71.91,67.959,10,10.0,43.0
2024-05-28 11:55:46+00:00,2024-05-28 11:55:57+00:00,80.07,73.49636363636364,11,11.0,64.0
2024-05-28 11:55:59+00:00,2024-05-28 11:56:03+00:00,66.36,65.6225,4,4.0,13.0
2024-05-28 11:56:04+00:00,2024-05-28 11:56:08+00:00,66.88,66.1525,4,4.0,5.0
2024-05-28 11:57:59+00:00,2024-05-28 11:58:10+00:00,72.21,69.51181818181819,11,11.0,115.0
2024-05-28 11:58:36+00:00,2024-05-28 11:58:39+00:00,65.76,65.61333333333333,3,3.0,37.0
2024-05-28 11:58:55+00:00,2024-05-28 11:59:06+00:00,75.79,68.67,11,11.0,19.0
2024-05-28 11:59:11+00:00,2024-05-28 11:59:14+00:00,65.56,65.22666666666667,3,3.0,16.0
2024-05-28 11:59:39+00:00,2024-05-28 11:59:42+00:00,67.93,66.83,3,3.0,28.0
2024-05-28 12:00:48+00:00,2024-05-28 12:00:51+00:00,66.5,65.79666666666667,3,3.0,69.0
2024-05-28 12:01:27+00:00,2024-05-28 12:01:35+00:00,71.79,68.76875,8,8.0,39.0
2024-05-28 12:04:12+00:00,2024-05-28 12:04:17+00:00,73.55,69.898,5,5.0,165.0
2024-05-28 12:04:38+00:00,2024-05-28 12:04:43+00:00,69.44,68.104,5,5.0,26.0
2024-05-28 12:04:51+00:00,2024-05-28 12:04:56+00:00,69.93,66.364,5,5.0,13.0
2024-05-28 12:06:21+00:00,2024-05-28 12:06:26+00:00,73.01,69.18199999999999,5,5.0,90.0
2024-05-28 12:06:29+00:00,2024-05-28 12:06:32+00:00,66.99,66.52333333333333,3,3.0,8.0
2024-05-28 12:07:26+00:00,2024-05-28 12:07:37+00:00,73.58,68.58181818181818,11,11.0,57.0
2024-05-28 12:08:07+00:00,2024-05-28 12:08:10+00:00,67.99,67.32666666666667,3,3.0,41.0
2024-05-28 12:11:15+00:00,2024-05-28 12:11:20+00:00,72.04,68.486,5,5.0,188.0
2024-05-28 12:12:19+00:00,2024-05-28 12:12:22+00:00,68.11,66.45666666666666,3,3.0,64.0
2024-05-28 12:13:28+00:00,2024-05-28 12:13:32+00:00,70.57,68.265,4,4.0,69.0
2024-05-28 12:16:14+00:00,2024-05-28 12:16:19+00:00,76.97,72.284,5,5.0,166.0
2024-05-28 12:17:00+00:00,2024-05-28 12:17:09+00:00,70.38,68.36777777777777,9,9.0,46.0
2024-05-28 12:17:10+00:00,2024-05-28 12:17:13+00:00,66.29,65.72000000000001,3,3.0,10.0
2024-05-28 12:18:31+00:00,2024-05-28 12:18:34+00:00,69.05,68.46333333333332,3,3.0,81.0
2024-05-28 12:18:52+00:00,2024-05-28 12:18:55+00:00,69.66,67.55333333333333,3,3.0,21.0
2024-05-28 12:18:57+00:00,2024-05-28 12:19:04+00:00,68.82,66.98428571428572,7,7.0,5.0
2024-05-28 12:19:05+00:00,2024-05-28 12:19:12+00:00,73.49,71.24428571428572,7,7.0,8.0
2024-05-28 12:19:13+00:00,2024-05-28 12:19:17+00:00,70.27,68.195,4,4.0,8.0
2024-05-28 12:20:52+00:00,2024-05-28 12:20:57+00:00,70.86,68.602,5,5.0,99.0
2024-05-28 12:21:22+00:00,2024-05-28 12:21:39+00:00,76.42,70.62764705882353,17,17.0,30.0
2024-05-28 12:22:16+00:00,2024-05-28 12:22:21+00:00,74.61,71.78999999999999,5,5.0,54.0
2024-05-28 12:23:04+00:00,2024-05-28 12:23:09+00:00,69.56,68.196,5,5.0,48.0
2024-05-28 12:23:33+00:00,2024-05-28 12:23:36+00:00,73.59,70.59666666666668,3,3.0,29.0
2024-05-28 12:25:51+00:00,2024-05-28 12:26:01+00:00,75.01,69.796,10,10.0,138.0
2024-05-28 12:26:05+00:00,2024-05-28 12:26:08+00:00,71.51,69.33,3,3.0,14.0
2024-05-28 12:27:27+00:00,2024-05-28 12:27:30+00:00,71.72,68.41666666666667,3,3.0,82.0
2024-05-28 12:27:47+00:00,2024-05-28 12:27:51+00:00,73.23,70.42750000000001,4,4.0,20.0
2024-05-28 12:30:34+00:00,2024-05-28 12:30:41+00:00,72.86,69.88428571428571,7,7.0,167.0
2024-05-28 12:31:19+00:00,2024-05-28 12:31:28+00:00,69.8,67.74111111111112,9,9.0,45.0
2024-05-28 12:31:49+00:00,2024-05-28 12:31:55+00:00,73.46,70.61,6,6.0,30.0
2024-05-28 12:33:29+00:00,2024-05-28 12:33:33+00:00,68.06,67.1075,4,4.0,100.0
2024-05-28 12:33:46+00:00,2024-05-28 12:33:50+00:00,73.78,70.2775,4,4.0,17.0
2024-05-28 12:35:09+00:00,2024-05-28 12:35:25+00:00,78.01,69.888125,16,16.0,83.0
2024-05-28 12:36:44+00:00,2024-05-28 12:36:50+00:00,69.63,68.0,6,6.0,95.0
2024-05-28 12:37:14+00:00,2024-05-28 12:37:19+00:00,72.95,70.268,5,5.0,30.0
2024-05-28 12:39:27+00:00,2024-05-28 12:39:32+00:00,70.24,68.47999999999999,5,5.0,133.0
2024-05-28 12:40:01+00:00,2024-05-28 12:40:22+00:00,73.58,68.45238095238095,21,21.0,34.0
2024-05-28 12:40:55+00:00,2024-05-28 12:40:58+00:00,67.39,66.49,3,3.0,54.0
2024-05-28 12:41:32+00:00,2024-05-28 12:41:38+00:00,67.73,66.25833333333334,6,6.0,37.0
2024-05-28 12:41:39+00:00,2024-05-28 12:41:45+00:00,70.75,69.47833333333334,6,6.0,7.0
2024-05-28 12:42:17+00:00,2024-05-28 12:42:21+00:00,71.87,69.4975,4,4.0,38.0
2024-05-28 12:42:24+00:00,2024-05-28 12:42:36+00:00,82.15,73.22,12,12.0,7.0
2024-05-28 12:42:43+00:00,2024-05-28 12:42:47+00:00,71.31,67.665,4,4.0,19.0
2024-05-28 12:43:03+00:00,2024-05-28 12:43:10+00:00,68.98,66.46857142857144,7,7.0,20.0
2024-05-28 12:43:11+00:00,2024-05-28 12:43:14+00:00,67.29,66.83333333333333,3,3.0,8.0
2024-05-28 12:43:17+00:00,2024-05-28 12:43:23+00:00,71.73,68.25166666666667,6,6.0,6.0
2024-05-28 12:43:58+00:00,2024-05-28 12:44:01+00:00,67.73,66.73666666666666,3,3.0,41.0
2024-05-28 12:44:33+00:00,2024-05-28 12:44:46+00:00,73.15,69.48538461538462,13,13.0,35.0
2024-05-28 12:46:48+00:00,2024-05-28 12:46:53+00:00,71.49,69.546,5,5.0,135.0
2024-05-28 12:47:07+00:00,2024-05-28 12:47:10+00:00,67.4,66.43666666666667,3,3.0,19.0
2024-05-28 12:47:21+00:00,2024-05-28 12:47:25+00:00,66.35,65.8275,4,4.0,14.0
2024-05-28 12:48:54+00:00,2024-05-28 12:48:59+00:00,71.49,68.774,5,5.0,93.0
2024-05-28 12:49:28+00:00,2024-05-28 12:49:44+00:00,72.66,68.7875,16,16.0,34.0
2024-05-28 12:51:37+00:00,2024-05-28 12:51:44+00:00,69.83,67.45571428571428,7,7.0,129.0
2024-05-28 12:52:03+00:00,2024-05-28 12:52:15+00:00,71.12,67.455,12,12.0,26.0
2024-05-28 12:54:09+00:00,2024-05-28 12:54:14+00:00,66.87,66.178,5,5.0,126.0
2024-05-28 12:54:25+00:00,2024-05-28 12:54:29+00:00,69.39,68.14,4,4.0,16.0
2024-05-28 12:54:40+00:00,2024-05-28 12:54:51+00:00,71.3,68.29090909090908,11,11.0,15.0
2024-05-28 12:54:55+00:00,2024-05-28 12:54:59+00:00,70.25,67.6025,4,4.0,15.0
2024-05-28 12:55:19+00:00,2024-05-28 12:55:23+00:00,70.72,68.8175,4,4.0,24.0
2024-05-28 12:56:12+00:00,2024-05-28 12:56:17+00:00,68.53,67.338,5,5.0,53.0
2024-05-28 12:58:48+00:00,2024-05-28 12:58:54+00:00,69.11,66.56833333333333,6,6.0,31.0
2024-05-28 13:00:11+00:00,2024-05-28 13:00:14+00:00,66.43,65.74333333333334,3,3.0,83.0
2024-05-28 13:00:50+00:00,2024-05-28 13:00:53+00:00,66.29,65.71666666666667,3,3.0,39.0
2024-05-28 13:00:58+00:00,2024-05-28 13:01:06+00:00,72.47,68.4725,8,8.0,8.0
2024-05-28 13:02:07+00:00,2024-05-28 13:02:21+00:00,75.07,69.38857142857144,14,14.0,69.0
2024-05-28 13:02:24+00:00,2024-05-28 13:02:27+00:00,67.56,66.31,3,3.0,17.0
2024-05-28 13:03:13+00:00,2024-05-28 13:03:16+00:00,68.43,67.96333333333334,3,3.0,49.0
2024-05-28 13:04:13+00:00,2024-05-28 13:04:25+00:00,70.36,67.27083333333333,12,12.0,60.0
2024-05-28 13:04:52+00:00,2024-05-28 13:04:56+00:00,69.39,67.345,4,4.0,39.0
2024-05-28 13:05:00+00:00,2024-05-28 13:05:13+00:00,77.66,70.79230769230769,13,13.0,8.0
2024-05-28 13:07:20+00:00,2024-05-28 13:07:24+00:00,70.09,68.6725,4,4.0,140.0
2024-05-28 13:08:19+00:00,2024-05-28 13:08:24+00:00,71.84,70.7,5,5.0,59.0
2024-05-28 13:08:55+00:00,2024-05-28 13:09:01+00:00,69.51,68.01,6,6.0,36.0
2024-05-28 13:09:41+00:00,2024-05-28 13:09:49+00:00,70.6,68.1425,8,8.0,46.0
2024-05-28 13:09:50+00:00,2024-05-28 13:09:57+00:00,69.97,67.08857142857143,7,7.0,9.0
2024-05-28 13:10:14+00:00,2024-05-28 13:10:17+00:00,73.98,69.42,3,3.0,24.0
2024-05-28 13:10:20+00:00,2024-05-28 13:10:32+00:00,68.17,66.31416666666667,12,12.0,6.0
2024-05-28 13:11:18+00:00,2024-05-28 13:11:23+00:00,69.36,67.486,5,5.0,58.0
2024-05-28 13:11:28+00:00,2024-05-28 13:11:33+00:00,72.09,69.568,5,5.0,10.0
2024-05-28 13:12:04+00:00,2024-05-28 13:12:14+00:00,70.62,67.639,10,10.0,36.0
2024-05-28 13:12:35+00:00,2024-05-28 13:12:40+00:00,70.19,67.94,5,5.0,31.0
2024-05-28 13:13:00+00:00,2024-05-28 13:13:03+00:00,71.02,69.55333333333333,3,3.0,25.0
2024-05-28 13:13:05+00:00,2024-05-28 13:13:08+00:00,68.65,67.80666666666667,3,3.0,5.0
2024-05-28 13:13:38+00:00,2024-05-28 13:13:54+00:00,80.36,70.51375,16,16.0,33.0
2024-05-28 13:13:55+00:00,2024-05-28 13:14:01+00:00,68.33,67.075,6,6.0,17.0
2024-05-28 13:14:32+00:00,2024-05-28 13:14:35+00:00,68.49,66.97666666666667,3,3.0,37.0
2024-05-28 13:14:52+00:00,2024-05-28 13:14:57+00:00,68.68,67.44200000000001,5,5.0,20.0
2024-05-28 13:16:13+00:00,2024-05-28 13:16:20+00:00,71.56,68.51428571428572,7,7.0,81.0
2024-05-28 13:17:19+00:00,2024-05-28 13:17:22+00:00,73.45,71.14666666666666,3,3.0,66.0
2024-05-28 13:18:12+00:00,2024-05-28 13:18:21+00:00,75.26,69.47555555555556,9,9.0,53.0
2024-05-28 13:18:57+00:00,2024-05-28 13:19:10+00:00,73.3,69.58538461538461,13,13.0,45.0
2024-05-28 13:21:07+00:00,2024-05-28 13:21:12+00:00,66.53,65.686,5,5.0,130.0
2024-05-28 13:21:17+00:00,2024-05-28 13:21:24+00:00,74.18,70.65428571428572,7,7.0,10.0
2024-05-28 13:23:20+00:00,2024-05-28 13:23:31+00:00,71.94,67.92363636363636,11,11.0,123.0
2024-05-28 13:23:41+00:00,2024-05-28 13:23:47+00:00,73.35,71.13166666666666,6,6.0,21.0
2024-05-28 13:25:45+00:00,2024-05-28 13:25:48+00:00,65.49,65.36666666666666,3,3.0,124.0
2024-05-28 13:25:52+00:00,2024-05-28 13:26:02+00:00,75.89,70.144,10,10.0,7.0
2024-05-28 13:27:40+00:00,2024-05-28 13:27:46+00:00,70.08,67.76,6,6.0,108.0
2024-05-28 13:28:13+00:00,2024-05-28 13:28:22+00:00,72.08,69.25,9,9.0,33.0
2024-05-28 13:28:30+00:00,2024-05-28 13:28:36+00:00,71.86,67.75166666666667,6,6.0,17.0
2024-05-28 13:29:50+00:00,2024-05-28 13:29:55+00:00,71.83,69.09,5,5.0,80.0
2024-05-28 13:30:00+00:00,2024-05-28 13:30:20+00:00,73.03,68.7735,20,20.0,10.0
2024-05-28 13:32:25+00:00,2024-05-28 13:32:31+00:00,73.0,69.865,6,6.0,145.0
2024-05-28 13:34:23+00:00,2024-05-28 13:34:27+00:00,69.82,67.53,4,4.0,101.0
2024-05-28 13:34:45+00:00,2024-05-28 13:34:50+00:00,71.9,70.464,5,5.0,22.0
2024-05-28 13:37:11+00:00,2024-05-28 13:37:18+00:00,71.33,68.93142857142857,7,7.0,146.0
2024-05-28 13:38:23+00:00,2024-05-28 13:38:29+00:00,70.16,67.21833333333333,6,6.0,72.0
2024-05-28 13:38:39+00:00,2024-05-28 13:38:50+00:00,72.19,67.7309090909091,11,11.0,16.0
2024-05-28 13:39:18+00:00,2024-05-28 13:39:29+00:00,71.36,67.97363636363637,11,11.0,39.0
2024-05-28 13:39:41+00:00,2024-05-28 13:39:52+00:00,73.9,71.39272727272727,11,11.0,23.0
2024-05-28 13:41:36+00:00,2024-05-28 13:41:42+00:00,81.85,72.07333333333334,6,6.0,115.0
2024-05-28 13:41:49+00:00,2024-05-28 13:41:59+00:00,69.4,66.89,10,10.0,13.0
2024-05-28 13:42:02+00:00,2024-05-28 13:42:09+00:00,69.73,67.24,7,7.0,13.0
2024-05-28 13:42:17+00:00,2024-05-28 13:42:22+00:00,69.28,68.122,5,5.0,15.0
2024-05-28 13:42:54+00:00,2024-05-28 13:43:01+00:00,73.02,68.59142857142857,7,7.0,37.0
2024-05-28 13:43:02+00:00,2024-05-28 13:43:12+00:00,71.59,67.724,10,10.0,8.0
2024-05-28 13:43:33+00:00,2024-05-28 13:43:36+00:00,69.71,67.74666666666667,3,3.0,31.0
2024-05-28 13:44:26+00:00,2024-05-28 13:44:31+00:00,69.17,67.25399999999999,5,5.0,53.0
2024-05-28 13:44:37+00:00,2024-05-28 13:44:42+00:00,70.24,67.24199999999999,5,5.0,11.0
2024-05-28 13:48:09+00:00,2024-05-28 13:48:12+00:00,72.82,69.34333333333333,3,3.0,212.0
2024-05-28 13:48:38+00:00,2024-05-28 13:48:41+00:00,66.81,66.43333333333334,3,3.0,29.0
2024-05-28 13:49:08+00:00,2024-05-28 13:49:13+00:00,69.32,67.01599999999999,5,5.0,30.0
2024-05-28 13:49:17+00:00,2024-05-28 13:49:22+00:00,71.67,70.764,5,5.0,9.0
2024-05-28 13:49:27+00:00,2024-05-28 13:49:39+00:00,73.26,67.64333333333333,12,12.0,10.0
2024-05-28 13:49:44+00:00,2024-05-28 13:49:49+00:00,72.95,69.92,5,5.0,17.0
2024-05-28 13:50:31+00:00,2024-05-28 13:50:37+00:00,70.64,68.27333333333333,6,6.0,47.0
2024-05-28 13:51:41+00:00,2024-05-28 13:51:45+00:00,67.24,66.3,4,4.0,70.0
2024-05-28 13:52:01+00:00,2024-05-28 13:52:06+00:00,73.58,71.434,5,5.0,20.0
2024-05-28 13:55:35+00:00,2024-05-28 13:55:40+00:00,70.08,67.49000000000001,5,5.0,214.0
2024-05-28 13:56:19+00:00,2024-05-28 13:56:24+00:00,67.58,66.36800000000001,5,5.0,44.0
2024-05-28 13:58:08+00:00,2024-05-28 13:58:14+00:00,72.87,70.36333333333333,6,6.0,109.0
2024-05-28 13:58:43+00:00,2024-05-28 13:58:52+00:00,76.88,70.34666666666666,9,9.0,35.0
2024-05-28 13:58:54+00:00,2024-05-28 13:59:03+00:00,74.62,69.88666666666667,9,9.0,11.0
2024-05-28 14:00:24+00:00,2024-05-28 14:00:30+00:00,73.09,69.55,6,6.0,90.0
2024-05-28 14:00:42+00:00,2024-05-28 14:00:45+00:00,65.97,65.60333333333334,3,3.0,18.0
2024-05-28 14:01:24+00:00,2024-05-28 14:01:38+00:00,78.46,71.76928571428572,14,14.0,42.0
2024-05-28 14:02:46+00:00,2024-05-28 14:02:49+00:00,74.49,70.40333333333332,3,3.0,82.0
2024-05-28 14:02:59+00:00,2024-05-28 14:03:12+00:00,72.95,70.07076923076923,13,13.0,13.0
2024-05-28 14:04:34+00:00,2024-05-28 14:04:37+00:00,67.05,66.15333333333332,3,3.0,95.0
2024-05-28 14:04:59+00:00,2024-05-28 14:05:02+00:00,67.94,66.89333333333333,3,3.0,25.0
2024-05-28 14:05:12+00:00,2024-05-28 14:05:17+00:00,72.19,68.356,5,5.0,13.0
2024-05-28 14:05:39+00:00,2024-05-28 14:05:44+00:00,69.03,66.696,5,5.0,27.0
2024-05-28 14:06:19+00:00,2024-05-28 14:06:27+00:00,74.06,69.89,8,8.0,40.0
2024-05-28 14:06:47+00:00,2024-05-28 14:06:54+00:00,80.82,71.86285714285714,7,7.0,28.0
2024-05-28 14:10:29+00:00,2024-05-28 14:10:32+00:00,66.74,66.14999999999999,3,3.0,222.0
2024-05-28 14:10:38+00:00,2024-05-28 14:10:44+00:00,70.53,67.10666666666667,6,6.0,9.0
2024-05-28 14:10:45+00:00,2024-05-28 14:10:50+00:00,71.8,70.13,5,5.0,7.0
2024-05-28 14:12:02+00:00,2024-05-28 14:12:14+00:00,76.79,71.55166666666666,12,12.0,77.0
2024-05-28 14:12:46+00:00,2024-05-28 14:12:50+00:00,71.05,67.32,4,4.0,44.0
2024-05-28 14:12:51+00:00,2024-05-28 14:12:58+00:00,74.57,69.77857142857142,7,7.0,5.0
2024-05-28 14:13:19+00:00,2024-05-28 14:13:22+00:00,75.13,71.35333333333334,3,3.0,28.0
2024-05-28 14:14:30+00:00,2024-05-28 14:14:56+00:00,84.15,73.11653846153845,26,26.0,71.0
2024-05-28 14:17:13+00:00,2024-05-28 14:17:26+00:00,71.63,67.45076923076923,13,13.0,163.0
2024-05-28 14:17:32+00:00,2024-05-28 14:17:42+00:00,72.01,68.882,10,10.0,19.0
2024-05-28 14:19:47+00:00,2024-05-28 14:19:52+00:00,69.73,67.038,5,5.0,135.0
2024-05-28 14:20:07+00:00,2024-05-28 14:20:11+00:00,70.41,68.405,4,4.0,20.0
2024-05-28 14:21:40+00:00,2024-05-28 14:22:03+00:00,72.82,68.1608695652174,23,23.0,93.0
2024-05-28 14:24:04+00:00,2024-05-28 14:24:10+00:00,72.54,70.32833333333333,6,6.0,144.0
2024-05-28 14:24:23+00:00,2024-05-28 14:24:28+00:00,70.9,69.992,5,5.0,19.0
2024-05-28 14:26:07+00:00,2024-05-28 14:26:14+00:00,70.44,68.75428571428571,7,7.0,104.0
2024-05-28 14:26:27+00:00,2024-05-28 14:26:38+00:00,71.46,67.52090909090909,11,11.0,20.0
2024-05-28 14:26:47+00:00,2024-05-28 14:26:52+00:00,72.85,71.03399999999999,5,5.0,20.0
2024-05-28 14:28:16+00:00,2024-05-28 14:28:20+00:00,69.61,67.505,4,4.0,89.0
2024-05-28 14:28:59+00:00,2024-05-28 14:29:05+00:00,71.55,69.0,6,6.0,43.0
2024-05-28 14:30:46+00:00,2024-05-28 14:30:54+00:00,70.47,68.47,8,8.0,107.0
2024-05-28 14:30:56+00:00,2024-05-28 14:31:08+00:00,81.65,72.09333333333333,12,12.0,10.0
2024-05-28 14:32:37+00:00,2024-05-28 14:32:53+00:00,71.96,67.71125,16,16.0,101.0
2024-05-28 14:33:03+00:00,2024-05-28 14:33:07+00:00,71.28,70.325,4,4.0,26.0
2024-05-28 14:33:08+00:00,2024-05-28 14:33:21+00:00,71.71,67.91461538461539,13,13.0,5.0
2024-05-28 14:39:32+00:00,2024-05-28 14:39:36+00:00,69.66,68.5075,4,4.0,384.0
2024-05-28 14:39:38+00:00,2024-05-28 14:39:41+00:00,66.06,65.69333333333333,3,3.0,6.0
2024-05-28 14:39:56+00:00,2024-05-28 14:40:08+00:00,80.79,71.98416666666667,12,12.0,18.0
2024-05-28 14:40:33+00:00,2024-05-28 14:40:36+00:00,67.46,66.51666666666667,3,3.0,37.0
2024-05-28 14:41:28+00:00,2024-05-28 14:41:33+00:00,68.15,66.646,5,5.0,55.0
2024-05-28 14:42:17+00:00,2024-05-28 14:42:21+00:00,70.45,68.1875,4,4.0,49.0
2024-05-28 14:44:02+00:00,2024-05-28 14:44:07+00:00,72.15,70.98400000000001,5,5.0,105.0
2024-05-28 14:44:23+00:00,2024-05-28 14:44:26+00:00,66.76,66.29666666666667,3,3.0,21.0
2024-05-28 14:45:00+00:00,2024-05-28 14:45:04+00:00,73.26,70.8875,4,4.0,37.0
2024-05-28 14:45:55+00:00,2024-05-28 14:45:59+00:00,70.06,67.4525,4,4.0,55.0
2024-05-28 14:47:53+00:00,2024-05-28 14:48:19+00:00,98.73,81.94269230769231,26,26.0,118.0
2024-05-28 14:49:19+00:00,2024-05-28 14:49:26+00:00,68.78,66.35000000000001,7,7.0,86.0
2024-05-28 14:49:39+00:00,2024-05-28 14:49:52+00:00,72.78,68.05923076923077,13,13.0,20.0
2024-05-28 14:50:01+00:00,2024-05-28 14:50:06+00:00,72.34,70.48400000000001,5,5.0,22.0
2024-05-28 14:51:39+00:00,2024-05-28 14:52:01+00:00,75.96,70.5340909090909,22,22.0,98.0
2024-05-28 14:52:25+00:00,2024-05-28 14:52:31+00:00,73.73,68.415,6,6.0,46.0
2024-05-28 14:56:45+00:00,2024-05-28 14:56:53+00:00,73.4,69.1175,8,8.0,260.0
2024-05-28 14:58:46+00:00,2024-05-28 14:58:51+00:00,68.54,67.64000000000001,5,5.0,121.0
2024-05-28 14:59:02+00:00,2024-05-28 14:59:05+00:00,67.7,66.79666666666667,3,3.0,16.0
2024-05-28 14:59:15+00:00,2024-05-28 14:59:21+00:00,68.24,66.46333333333332,6,6.0,13.0
2024-05-28 15:00:45+00:00,2024-05-28 15:00:51+00:00,66.3,65.79666666666667,6,6.0,90.0
2024-05-28 15:00:52+00:00,2024-05-28 15:01:01+00:00,72.84,69.04666666666667,9,9.0,7.0
2024-05-28 15:01:53+00:00,2024-05-28 15:02:06+00:00,83.08,71.83076923076922,13,13.0,61.0
2024-05-28 15:03:12+00:00,2024-05-28 15:03:16+00:00,67.07,66.275,4,4.0,79.0
2024-05-28 15:03:18+00:00,2024-05-28 15:03:26+00:00,71.27,68.8875,8,8.0,6.0
2024-05-28 15:05:34+00:00,2024-05-28 15:05:41+00:00,70.67,67.36571428571429,7,7.0,136.0
2024-05-28 15:07:21+00:00,2024-05-28 15:07:27+00:00,73.71,70.55666666666666,6,6.0,107.0
2024-05-28 15:07:42+00:00,2024-05-28 15:07:45+00:00,71.17,69.26666666666667,3,3.0,21.0
2024-05-28 15:09:07+00:00,2024-05-28 15:09:12+00:00,76.55,69.652,5,5.0,85.0
2024-05-28 15:09:51+00:00,2024-05-28 15:09:55+00:00,69.37,67.85,4,4.0,44.0
2024-05-28 15:10:21+00:00,2024-05-28 15:10:28+00:00,70.16,67.53142857142856,7,7.0,30.0
2024-05-28 15:10:35+00:00,2024-05-28 15:10:38+00:00,66.23,65.96333333333334,3,3.0,14.0
2024-05-28 15:12:03+00:00,2024-05-28 15:12:09+00:00,71.49,69.00833333333333,6,6.0,88.0
2024-05-28 15:12:53+00:00,2024-05-28 15:12:56+00:00,71.17,69.25,3,3.0,50.0
2024-05-28 15:14:30+00:00,2024-05-28 15:14:35+00:00,70.06,68.386,5,5.0,97.0
2024-05-28 15:14:37+00:00,2024-05-28 15:14:53+00:00,79.7,70.530625,16,16.0,7.0
2024-05-28 15:15:12+00:00,2024-05-28 15:15:29+00:00,83.26,72.44647058823529,17,17.0,35.0
2024-05-28 15:16:10+00:00,2024-05-28 15:16:15+00:00,73.46,70.06800000000001,5,5.0,58.0
2024-05-28 15:17:16+00:00,2024-05-28 15:17:24+00:00,69.65,67.78875,8,8.0,66.0
2024-05-28 15:17:30+00:00,2024-05-28 15:17:35+00:00,66.31,65.676,5,5.0,14.0
2024-05-28 15:18:46+00:00,2024-05-28 15:18:50+00:00,75.83,73.3,4,4.0,76.0
2024-05-28 15:22:31+00:00,2024-05-28 15:22:41+00:00,72.18,69.466,10,10.0,225.0
2024-05-28 15:27:07+00:00,2024-05-28 15:27:15+00:00,72.7,69.87375,8,8.0,276.0
2024-05-28 15:29:03+00:00,2024-05-28 15:29:15+00:00,74.51,69.97166666666666,12,12.0,116.0
2024-05-28 15:29:27+00:00,2024-05-28 15:29:34+00:00,67.84,66.96857142857142,7,7.0,24.0
2024-05-28 15:29:38+00:00,2024-05-28 15:29:42+00:00,67.87,66.905,4,4.0,11.0
2024-05-28 15:31:40+00:00,2024-05-28 15:31:44+00:00,70.19,67.2475,4,4.0,122.0
2024-05-28 15:32:21+00:00,2024-05-28 15:32:26+00:00,73.2,70.92999999999999,5,5.0,41.0
2024-05-28 15:33:20+00:00,2024-05-28 15:33:26+00:00,69.14,67.38666666666667,6,6.0,59.0
2024-05-28 15:35:18+00:00,2024-05-28 15:35:24+00:00,71.16,68.35166666666667,6,6.0,118.0
2024-05-28 15:38:40+00:00,2024-05-28 15:38:57+00:00,75.34,70.03941176470589,17,17.0,202.0
2024-05-28 15:39:08+00:00,2024-05-28 15:39:15+00:00,72.72,69.71285714285715,7,7.0,28.0
2024-05-28 15:41:14+00:00,2024-05-28 15:41:24+00:00,74.24,69.95,10,10.0,126.0
2024-05-28 15:43:39+00:00,2024-05-28 15:43:45+00:00,70.75,68.75,6,6.0,145.0
2024-05-28 15:45:27+00:00,2024-05-28 15:45:30+00:00,71.56,69.68666666666667,3,3.0,108.0
2024-05-28 15:48:58+00:00,2024-05-28 15:49:04+00:00,67.37,66.65833333333333,6,6.0,211.0
2024-05-28 15:49:58+00:00,2024-05-28 15:50:02+00:00,69.28,68.0175,4,4.0,60.0
2024-05-28 15:50:13+00:00,2024-05-28 15:50:17+00:00,66.65,66.255,4,4.0,15.0
2024-05-28 15:50:38+00:00,2024-05-28 15:50:55+00:00,72.46,69.29235294117647,17,17.0,25.0
2024-05-28 15:51:22+00:00,2024-05-28 15:51:25+00:00,67.39,66.12,3,3.0,44.0
2024-05-28 15:52:40+00:00,2024-05-28 15:52:44+00:00,68.98,67.7625,4,4.0,78.0
2024-05-28 15:52:51+00:00,2024-05-28 15:52:58+00:00,78.8,71.07000000000001,7,7.0,11.0
2024-05-28 15:53:00+00:00,2024-05-28 15:53:07+00:00,73.36,70.26,7,7.0,9.0
2024-05-28 15:53:39+00:00,2024-05-28 15:53:42+00:00,66.8,65.93333333333334,3,3.0,39.0
2024-05-28 15:54:45+00:00,2024-05-28 15:54:49+00:00,69.65,68.495,4,4.0,66.0
2024-05-28 15:55:25+00:00,2024-05-28 15:55:37+00:00,75.38,71.76166666666667,12,12.0,40.0
2024-05-28 15:57:05+00:00,2024-05-28 15:57:10+00:00,72.76,71.092,5,5.0,100.0
2024-05-28 15:57:26+00:00,2024-05-28 15:57:35+00:00,71.58,68.97555555555556,9,9.0,21.0
2024-05-28 15:57:40+00:00,2024-05-28 15:57:43+00:00,66.69,66.23666666666666,3,3.0,14.0
2024-05-28 15:59:19+00:00,2024-05-28 15:59:25+00:00,72.53,70.335,6,6.0,99.0
2024-05-28 15:59:39+00:00,2024-05-28 15:59:45+00:00,71.76,68.31,6,6.0,20.0
2024-05-28 16:01:44+00:00,2024-05-28 16:01:50+00:00,75.77,70.125,6,6.0,125.0
2024-05-28 16:03:44+00:00,2024-05-28 16:03:49+00:00,73.32,70.964,5,5.0,120.0
2024-05-28 16:04:02+00:00,2024-05-28 16:04:15+00:00,71.4,67.25076923076924,13,13.0,18.0
2024-05-28 16:04:33+00:00,2024-05-28 16:04:36+00:00,66.8,66.15333333333334,3,3.0,31.0
2024-05-28 16:06:38+00:00,2024-05-28 16:06:45+00:00,76.85,72.66428571428571,7,7.0,125.0
2024-05-28 16:07:15+00:00,2024-05-28 16:07:19+00:00,70.05,66.9525,4,4.0,37.0
2024-05-28 16:10:24+00:00,2024-05-28 16:10:29+00:00,68.87,67.17,5,5.0,189.0
2024-05-28 16:10:57+00:00,2024-05-28 16:11:01+00:00,67.87,66.93,4,4.0,33.0
2024-05-28 16:11:04+00:00,2024-05-28 16:11:07+00:00,72.4,70.46,3,3.0,7.0
2024-05-28 16:11:17+00:00,2024-05-28 16:11:29+00:00,71.27,67.55416666666666,12,12.0,13.0
2024-05-28 16:11:36+00:00,2024-05-28 16:11:39+00:00,68.77,67.50666666666666,3,3.0,19.0
2024-05-28 16:13:03+00:00,2024-05-28 16:13:06+00:00,67.59,66.85666666666667,3,3.0,87.0
2024-05-28 16:13:40+00:00,2024-05-28 16:13:43+00:00,69.23,67.16333333333334,3,3.0,37.0
2024-05-28 16:13:44+00:00,2024-05-28 16:13:49+00:00,68.86,67.672,5,5.0,4.0
2024-05-28 16:14:56+00:00,2024-05-28 16:15:00+00:00,73.37,71.2675,4,4.0,72.0
2024-05-28 16:16:10+00:00,2024-05-28 16:16:16+00:00,74.32,70.20166666666667,6,6.0,74.0
2024-05-28 16:18:29+00:00,2024-05-28 16:18:35+00:00,72.87,69.07166666666667,6,6.0,139.0
2024-05-28 16:18:45+00:00,2024-05-28 16:18:55+00:00,71.18,68.402,10,10.0,16.0
2024-05-28 16:19:42+00:00,2024-05-28 16:19:48+00:00,68.34,66.92166666666667,6,6.0,57.0
2024-05-28 16:20:58+00:00,2024-05-28 16:21:06+00:00,72.26,69.34875,8,8.0,76.0
2024-05-28 16:22:49+00:00,2024-05-28 16:22:53+00:00,71.07,67.8875,4,4.0,111.0
2024-05-28 16:23:00+00:00,2024-05-28 16:23:03+00:00,68.45,67.32000000000001,3,3.0,11.0
2024-05-28 16:23:12+00:00,2024-05-28 16:23:22+00:00,72.08,68.376,10,10.0,12.0
2024-05-28 16:25:30+00:00,2024-05-28 16:25:37+00:00,71.59,68.84714285714286,7,7.0,138.0
2024-05-28 16:27:22+00:00,2024-05-28 16:27:26+00:00,68.36,67.1,4,4.0,112.0
2024-05-28 16:27:27+00:00,2024-05-28 16:27:34+00:00,70.84,68.51571428571428,7,7.0,5.0
2024-05-28 16:27:43+00:00,2024-05-28 16:27:49+00:00,71.96,69.42,6,6.0,16.0
2024-05-28 16:31:56+00:00,2024-05-28 16:32:02+00:00,71.74,69.31833333333333,6,6.0,253.0
2024-05-28 16:32:07+00:00,2024-05-28 16:32:10+00:00,74.4,70.41000000000001,3,3.0,11.0
2024-05-28 16:32:20+00:00,2024-05-28 16:32:32+00:00,71.92,68.12,12,12.0,13.0
2024-05-28 16:35:28+00:00,2024-05-28 16:35:31+00:00,66.67,66.02,3,3.0,188.0
2024-05-28 16:36:15+00:00,2024-05-28 16:36:21+00:00,70.77,68.585,6,6.0,47.0
2024-05-28 16:37:08+00:00,2024-05-28 16:37:14+00:00,74.43,71.10666666666667,6,6.0,53.0
2024-05-28 16:38:43+00:00,2024-05-28 16:38:46+00:00,70.41,69.14666666666666,3,3.0,95.0
2024-05-28 16:39:04+00:00,2024-05-28 16:39:08+00:00,66.62,65.9825,4,4.0,21.0
2024-05-28 16:39:21+00:00,2024-05-28 16:39:29+00:00,69.72,67.12875,8,8.0,17.0
2024-05-28 16:39:33+00:00,2024-05-28 16:39:36+00:00,74.3,69.28666666666668,3,3.0,12.0
2024-05-28 16:40:44+00:00,2024-05-28 16:40:49+00:00,67.91,66.52000000000001,5,5.0,71.0
2024-05-28 16:41:28+00:00,2024-05-28 16:41:41+00:00,78.27,73.36307692307693,13,13.0,44.0
2024-05-28 16:41:43+00:00,2024-05-28 16:41:54+00:00,74.05,70.37181818181818,11,11.0,15.0
2024-05-28 16:41:56+00:00,2024-05-28 16:42:01+00:00,66.57,65.726,5,5.0,13.0
2024-05-28 16:46:29+00:00,2024-05-28 16:46:35+00:00,67.82,65.94166666666666,6,6.0,273.0
2024-05-28 16:47:34+00:00,2024-05-28 16:47:38+00:00,68.24,67.1825,4,4.0,65.0
2024-05-28 16:47:54+00:00,2024-05-28 16:47:59+00:00,66.1,65.538,5,5.0,20.0
2024-05-28 16:48:28+00:00,2024-05-28 16:48:32+00:00,71.98,69.8825,4,4.0,34.0
2024-05-28 16:50:50+00:00,2024-05-28 16:50:54+00:00,66.62,65.9875,4,4.0,142.0
2024-05-28 16:51:16+00:00,2024-05-28 16:51:19+00:00,65.32,65.17,3,3.0,26.0
2024-05-28 16:51:26+00:00,2024-05-28 16:51:33+00:00,74.48,70.71142857142857,7,7.0,10.0
2024-05-28 16:52:00+00:00,2024-05-28 16:52:03+00:00,66.52,65.96333333333332,3,3.0,34.0
2024-05-28 16:52:56+00:00,2024-05-28 16:53:08+00:00,72.27,68.36,12,12.0,56.0
2024-05-28 16:53:24+00:00,2024-05-28 16:53:38+00:00,71.56,67.81785714285715,14,14.0,28.0
2024-05-28 16:55:30+00:00,2024-05-28 16:55:33+00:00,72.7,70.56666666666666,3,3.0,126.0
2024-05-28 16:55:42+00:00,2024-05-28 16:55:52+00:00,72.0,68.41,10,10.0,12.0
2024-05-28 16:56:04+00:00,2024-05-28 16:56:07+00:00,67.88,66.70666666666666,3,3.0,22.0
2024-05-28 16:56:09+00:00,2024-05-28 16:56:12+00:00,67.15,66.91666666666667,3,3.0,5.0
2024-05-28 16:57:43+00:00,2024-05-28 16:57:52+00:00,73.14,69.26111111111112,9,9.0,94.0
2024-05-28 16:57:55+00:00,2024-05-28 16:58:00+00:00,72.77,70.054,5,5.0,12.0
2024-05-28 17:02:16+00:00,2024-05-28 17:02:21+00:00,71.66,70.15799999999999,5,5.0,261.0
2024-05-28 17:02:28+00:00,2024-05-28 17:02:31+00:00,67.71,66.96333333333332,3,3.0,12.0
2024-05-28 17:02:32+00:00,2024-05-28 17:02:36+00:00,66.73,65.8,4,4.0,4.0
2024-05-28 17:02:38+00:00,2024-05-28 17:02:43+00:00,72.91,70.49199999999999,5,5.0,6.0
2024-05-28 17:04:38+00:00,2024-05-28 17:04:42+00:00,70.66,70.31,4,4.0,120.0
2024-05-28 17:04:55+00:00,2024-05-28 17:05:00+00:00,70.05,67.586,5,5.0,17.0
2024-05-28 17:05:01+00:00,2024-05-28 17:05:05+00:00,69.85,67.41499999999999,4,4.0,6.0
2024-05-28 17:05:35+00:00,2024-05-28 17:06:00+00:00,75.08,69.4624,25,25.0,34.0
2024-05-28 17:06:01+00:00,2024-05-28 17:06:14+00:00,77.6,70.62615384615384,13,13.0,26.0
2024-05-28 17:06:50+00:00,2024-05-28 17:07:03+00:00,70.69,67.27,13,13.0,49.0
2024-05-28 17:09:08+00:00,2024-05-28 17:09:11+00:00,66.64,66.00333333333333,3,3.0,138.0
2024-05-28 17:09:18+00:00,2024-05-28 17:09:22+00:00,66.82,66.3925,4,4.0,10.0
2024-05-28 17:11:43+00:00,2024-05-28 17:11:48+00:00,71.88,70.50399999999999,5,5.0,145.0
2024-05-28 17:13:40+00:00,2024-05-28 17:13:46+00:00,70.75,68.87666666666667,6,6.0,117.0
2024-05-28 17:15:44+00:00,2024-05-28 17:15:53+00:00,71.98,69.72222222222223,9,9.0,124.0
2024-05-28 17:17:22+00:00,2024-05-28 17:17:25+00:00,69.84,67.89333333333333,3,3.0,98.0
2024-05-28 17:18:02+00:00,2024-05-28 17:18:10+00:00,73.22,68.49875,8,8.0,40.0
2024-05-28 17:18:16+00:00,2024-05-28 17:18:25+00:00,69.81,68.32222222222222,9,9.0,14.0
2024-05-28 17:18:29+00:00,2024-05-28 17:18:32+00:00,65.03,65.02333333333333,3,3.0,13.0
2024-05-28 17:20:24+00:00,2024-05-28 17:20:29+00:00,72.33,69.28999999999999,5,5.0,115.0
2024-05-28 17:20:34+00:00,2024-05-28 17:20:37+00:00,68.41,66.69666666666666,3,3.0,10.0
2024-05-28 17:20:39+00:00,2024-05-28 17:20:45+00:00,74.94,70.65833333333333,6,6.0,5.0
2024-05-28 17:20:52+00:00,2024-05-28 17:20:55+00:00,68.28,67.64333333333333,3,3.0,13.0
2024-05-28 17:22:28+00:00,2024-05-28 17:22:35+00:00,68.98,67.13428571428572,7,7.0,96.0
2024-05-28 17:22:36+00:00,2024-05-28 17:22:55+00:00,78.91,69.36947368421052,19,19.0,8.0
2024-05-28 17:23:00+00:00,2024-05-28 17:23:09+00:00,68.98,66.93,9,9.0,24.0
2024-05-28 17:24:56+00:00,2024-05-28 17:25:01+00:00,74.11,70.534,5,5.0,116.0
2024-05-28 17:25:09+00:00,2024-05-28 17:25:13+00:00,66.56,66.225,4,4.0,13.0
2024-05-28 17:25:15+00:00,2024-05-28 17:25:19+00:00,67.38,65.905,4,4.0,6.0
2024-05-28 17:26:09+00:00,2024-05-28 17:26:17+00:00,69.62,67.73,8,8.0,54.0
2024-05-28 17:27:11+00:00,2024-05-28 17:27:16+00:00,71.09,67.268,5,5.0,62.0
2024-05-28 17:27:27+00:00,2024-05-28 17:27:30+00:00,67.74,66.79333333333334,3,3.0,16.0
2024-05-28 17:27:35+00:00,2024-05-28 17:27:38+00:00,66.54,66.13666666666667,3,3.0,8.0
2024-05-28 17:27:48+00:00,2024-05-28 17:27:55+00:00,73.74,69.58285714285715,7,7.0,13.0
2024-05-28 17:29:54+00:00,2024-05-28 17:30:00+00:00,81.13,73.36333333333333,6,6.0,126.0
2024-05-28 17:31:15+00:00,2024-05-28 17:31:21+00:00,73.54,68.90166666666667,6,6.0,81.0
2024-05-28 17:32:07+00:00,2024-05-28 17:32:11+00:00,69.23,66.9225,4,4.0,52.0
2024-05-28 17:36:31+00:00,2024-05-28 17:36:38+00:00,74.96,69.35,7,7.0,264.0
2024-05-28 17:37:19+00:00,2024-05-28 17:37:23+00:00,66.34,65.8825,4,4.0,48.0
2024-05-28 17:37:40+00:00,2024-05-28 17:37:48+00:00,73.59,70.385,8,8.0,21.0
2024-05-28 17:39:16+00:00,2024-05-28 17:39:36+00:00,81.21,70.2465,20,20.0,96.0
2024-05-28 17:39:50+00:00,2024-05-28 17:39:56+00:00,71.16,68.655,6,6.0,34.0
2024-05-28 17:40:28+00:00,2024-05-28 17:40:32+00:00,72.68,71.1525,4,4.0,38.0
2024-05-28 17:43:52+00:00,2024-05-28 17:44:02+00:00,76.81,68.958,10,10.0,204.0
2024-05-28 17:44:12+00:00,2024-05-28 17:44:20+00:00,73.39,70.58875,8,8.0,20.0
2024-05-28 17:44:51+00:00,2024-05-28 17:44:55+00:00,72.43,68.325,4,4.0,39.0
2024-05-28 17:46:21+00:00,2024-05-28 17:46:27+00:00,71.22,69.30666666666666,6,6.0,90.0
2024-05-28 17:48:14+00:00,2024-05-28 17:48:21+00:00,73.51,69.88714285714286,7,7.0,113.0
2024-05-28 17:50:53+00:00,2024-05-28 17:50:58+00:00,72.14,69.86,5,5.0,159.0
2024-05-28 17:53:03+00:00,2024-05-28 17:53:09+00:00,67.75,66.165,6,6.0,130.0
2024-05-28 17:57:46+00:00,2024-05-28 17:57:58+00:00,75.14,70.74833333333333,12,12.0,283.0
2024-05-28 17:58:55+00:00,2024-05-28 17:59:00+00:00,72.65,69.764,5,5.0,69.0
2024-05-28 18:00:59+00:00,2024-05-28 18:01:04+00:00,72.73,71.498,5,5.0,124.0
2024-05-28 18:02:01+00:00,2024-05-28 18:02:06+00:00,71.75,69.852,5,5.0,62.0
2024-05-28 18:02:18+00:00,2024-05-28 18:02:23+00:00,74.3,69.562,5,5.0,17.0
2024-05-28 18:02:31+00:00,2024-05-28 18:02:35+00:00,66.75,66.0425,4,4.0,13.0
2024-05-28 18:03:26+00:00,2024-05-28 18:03:32+00:00,71.89,69.275,6,6.0,55.0
2024-05-28 18:05:49+00:00,2024-05-28 18:05:55+00:00,73.76,70.935,6,6.0,143.0
2024-05-28 18:06:45+00:00,2024-05-28 18:06:53+00:00,69.12,67.25874999999999,8,8.0,56.0
2024-05-28 18:07:32+00:00,2024-05-28 18:07:36+00:00,67.33,65.88749999999999,4,4.0,47.0
2024-05-28 18:10:33+00:00,2024-05-28 18:10:36+00:00,68.19,67.00333333333333,3,3.0,181.0
2024-05-28 18:11:55+00:00,2024-05-28 18:12:08+00:00,72.27,69.51538461538462,13,13.0,82.0
2024-05-28 18:12:48+00:00,2024-05-28 18:12:51+00:00,69.32,68.39999999999999,3,3.0,53.0
2024-05-28 18:14:12+00:00,2024-05-28 18:14:17+00:00,66.44,66.03399999999999,5,5.0,84.0
2024-05-28 18:16:13+00:00,2024-05-28 18:16:27+00:00,75.71,70.60857142857142,14,14.0,121.0
2024-05-28 18:16:34+00:00,2024-05-28 18:17:01+00:00,79.94,71.44185185185185,27,27.0,21.0
2024-05-28 18:18:48+00:00,2024-05-28 18:18:54+00:00,73.01,69.35333333333334,6,6.0,134.0
2024-05-28 18:18:56+00:00,2024-05-28 18:18:59+00:00,70.37,68.03,3,3.0,8.0
2024-05-28 18:19:11+00:00,2024-05-28 18:19:17+00:00,74.13,69.19500000000001,6,6.0,15.0
2024-05-28 18:20:52+00:00,2024-05-28 18:20:56+00:00,67.18,66.7425,4,4.0,101.0
2024-05-28 18:21:12+00:00,2024-05-28 18:21:18+00:00,71.07,67.80666666666666,6,6.0,20.0
2024-05-28 18:21:48+00:00,2024-05-28 18:21:51+00:00,69.79,67.35666666666667,3,3.0,36.0
2024-05-28 18:22:52+00:00,2024-05-28 18:22:58+00:00,70.42,67.82166666666667,6,6.0,64.0
2024-05-28 18:23:00+00:00,2024-05-28 18:23:03+00:00,72.27,69.64666666666666,3,3.0,8.0
2024-05-28 18:23:11+00:00,2024-05-28 18:23:19+00:00,73.23,70.825,8,8.0,11.0
2024-05-28 18:24:56+00:00,2024-05-28 18:24:59+00:00,70.34,68.88333333333334,3,3.0,105.0
2024-05-28 18:25:29+00:00,2024-05-28 18:25:36+00:00,72.19,69.07714285714285,7,7.0,33.0
2024-05-28 18:27:04+00:00,2024-05-28 18:27:07+00:00,71.55,71.13,3,3.0,95.0
2024-05-28 18:28:20+00:00,2024-05-28 18:28:25+00:00,69.67,67.822,5,5.0,76.0
2024-05-28 18:30:39+00:00,2024-05-28 18:30:44+00:00,69.27,66.848,5,5.0,139.0
2024-05-28 18:31:21+00:00,2024-05-28 18:31:26+00:00,71.51,68.694,5,5.0,42.0
2024-05-28 18:32:25+00:00,2024-05-28 18:32:29+00:00,66.92,66.1425,4,4.0,64.0
2024-05-28 18:32:44+00:00,2024-05-28 18:32:49+00:00,69.46,67.022,5,5.0,19.0
2024-05-28 18:35:14+00:00,2024-05-28 18:35:21+00:00,67.05,66.00142857142858,7,7.0,150.0
2024-05-28 18:36:23+00:00,2024-05-28 18:36:28+00:00,72.95,69.93199999999999,5,5.0,69.0
2024-05-28 18:37:15+00:00,2024-05-28 18:37:21+00:00,70.42,67.97833333333334,6,6.0,52.0
2024-05-28 18:38:14+00:00,2024-05-28 18:38:17+00:00,65.89,65.60333333333334,3,3.0,59.0
2024-05-28 18:38:34+00:00,2024-05-28 18:38:37+00:00,70.32,68.74,3,3.0,20.0
2024-05-28 18:39:52+00:00,2024-05-28 18:39:55+00:00,66.49,65.87333333333333,3,3.0,78.0
2024-05-28 18:40:11+00:00,2024-05-28 18:40:15+00:00,68.61,67.3325,4,4.0,19.0
2024-05-28 18:41:44+00:00,2024-05-28 18:41:50+00:00,77.3,70.00666666666666,6,6.0,93.0
2024-05-28 18:42:05+00:00,2024-05-28 18:42:23+00:00,73.4,69.63277777777778,18,18.0,21.0
2024-05-28 18:44:41+00:00,2024-05-28 18:44:47+00:00,72.15,68.80666666666667,6,6.0,156.0
2024-05-28 18:45:32+00:00,2024-05-28 18:45:36+00:00,71.13,70.045,4,4.0,51.0
2024-05-28 18:46:24+00:00,2024-05-28 18:46:27+00:00,69.29,69.11666666666667,3,3.0,52.0
2024-05-28 18:46:47+00:00,2024-05-28 18:46:54+00:00,70.55,67.70571428571428,7,7.0,23.0
2024-05-28 18:48:53+00:00,2024-05-28 18:48:58+00:00,71.68,69.27799999999999,5,5.0,126.0
2024-05-28 18:51:04+00:00,2024-05-28 18:51:12+00:00,69.47,67.15125,8,8.0,131.0
2024-05-28 18:51:21+00:00,2024-05-28 18:51:26+00:00,73.79,71.4,5,5.0,17.0
2024-05-28 18:51:51+00:00,2024-05-28 18:51:54+00:00,71.6,69.16666666666667,3,3.0,30.0
2024-05-28 18:53:03+00:00,2024-05-28 18:53:07+00:00,71.94,67.2475,4,4.0,72.0
2024-05-28 18:53:19+00:00,2024-05-28 18:53:24+00:00,69.03,67.16999999999999,5,5.0,16.0
2024-05-28 18:53:43+00:00,2024-05-28 18:53:48+00:00,71.01,69.45,5,5.0,24.0
2024-05-28 18:55:22+00:00,2024-05-28 18:55:28+00:00,72.01,69.03333333333333,6,6.0,99.0
2024-05-28 18:55:53+00:00,2024-05-28 18:56:04+00:00,73.38,70.48636363636363,11,11.0,31.0
2024-05-28 18:57:23+00:00,2024-05-28 18:57:26+00:00,71.4,69.48333333333333,3,3.0,90.0
2024-05-28 18:57:51+00:00,2024-05-28 18:57:56+00:00,70.35,67.806,5,5.0,28.0
2024-05-28 18:58:54+00:00,2024-05-28 18:58:57+00:00,65.68,65.58333333333333,3,3.0,63.0
2024-05-28 19:00:32+00:00,2024-05-28 19:00:35+00:00,65.64,65.27333333333333,3,3.0,98.0
2024-05-28 19:00:45+00:00,2024-05-28 19:01:00+00:00,84.01,74.77866666666667,15,15.0,13.0
2024-05-28 19:02:47+00:00,2024-05-28 19:02:50+00:00,72.12,69.33666666666666,3,3.0,122.0
2024-05-28 19:04:26+00:00,2024-05-28 19:04:30+00:00,67.74,66.57,4,4.0,99.0
2024-05-28 19:06:38+00:00,2024-05-28 19:06:41+00:00,68.65,67.58666666666666,3,3.0,132.0
2024-05-28 19:07:04+00:00,2024-05-28 19:07:09+00:00,74.14,71.874,5,5.0,26.0
2024-05-28 19:07:11+00:00,2024-05-28 19:07:15+00:00,72.44,69.7425,4,4.0,7.0
2024-05-28 19:07:31+00:00,2024-05-28 19:07:37+00:00,71.06,69.86333333333333,6,6.0,20.0
2024-05-28 19:09:56+00:00,2024-05-28 19:10:04+00:00,80.0,72.1775,8,8.0,145.0
2024-05-28 19:10:38+00:00,2024-05-28 19:10:45+00:00,69.26,67.33714285714287,7,7.0,42.0
2024-05-28 19:12:03+00:00,2024-05-28 19:12:13+00:00,82.07,71.17699999999999,10,10.0,85.0
2024-05-28 19:12:15+00:00,2024-05-28 19:12:24+00:00,75.57,70.27444444444444,9,9.0,12.0
2024-05-28 19:13:30+00:00,2024-05-28 19:13:34+00:00,68.41,66.8725,4,4.0,75.0
2024-05-28 19:14:38+00:00,2024-05-28 19:14:53+00:00,73.69,69.85,15,15.0,68.0
2024-05-28 19:15:09+00:00,2024-05-28 19:15:12+00:00,68.39,67.44,3,3.0,31.0
2024-05-28 19:16:07+00:00,2024-05-28 19:16:10+00:00,70.63,68.90333333333332,3,3.0,58.0
2024-05-28 19:19:34+00:00,2024-05-28 19:19:46+00:00,70.7,68.56,12,12.0,207.0
2024-05-28 19:19:55+00:00,2024-05-28 19:20:03+00:00,74.28,69.33125,8,8.0,21.0
2024-05-28 19:20:13+00:00,2024-05-28 19:20:19+00:00,71.96,70.35000000000001,6,6.0,18.0
2024-05-28 19:20:21+00:00,2024-05-28 19:20:24+00:00,68.84,66.52333333333333,3,3.0,8.0
2024-05-28 19:21:22+00:00,2024-05-28 19:21:29+00:00,70.75,67.69428571428571,7,7.0,61.0
2024-05-28 19:21:38+00:00,2024-05-28 19:21:58+00:00,77.77,70.3725,20,20.0,16.0
2024-05-28 19:22:10+00:00,2024-05-28 19:22:13+00:00,70.07,69.08,3,3.0,32.0
2024-05-28 19:23:28+00:00,2024-05-28 19:23:32+00:00,71.16,69.88,4,4.0,78.0
2024-05-28 19:23:53+00:00,2024-05-28 19:24:01+00:00,69.29,67.915,8,8.0,25.0
2024-05-28 19:25:44+00:00,2024-05-28 19:25:50+00:00,73.11,69.785,6,6.0,111.0
2024-05-28 19:25:55+00:00,2024-05-28 19:26:00+00:00,65.39,65.22,5,5.0,11.0
2024-05-28 19:26:02+00:00,2024-05-28 19:26:07+00:00,70.2,68.50399999999999,5,5.0,7.0
2024-05-28 19:26:19+00:00,2024-05-28 19:26:28+00:00,73.0,69.20555555555556,9,9.0,17.0
2024-05-28 19:27:52+00:00,2024-05-28 19:27:58+00:00,70.29,67.17333333333333,6,6.0,93.0
2024-05-28 19:30:10+00:00,2024-05-28 19:30:14+00:00,71.27,68.4925,4,4.0,138.0
2024-05-28 19:30:46+00:00,2024-05-28 19:30:49+00:00,73.88,70.18333333333334,3,3.0,36.0
2024-05-28 19:31:22+00:00,2024-05-28 19:31:25+00:00,67.62,66.30333333333333,3,3.0,36.0
2024-05-28 19:31:26+00:00,2024-05-28 19:31:30+00:00,68.81,67.4725,4,4.0,4.0
2024-05-28 19:31:35+00:00,2024-05-28 19:31:38+00:00,73.41,70.40666666666667,3,3.0,9.0
2024-05-28 19:32:06+00:00,2024-05-28 19:32:10+00:00,71.01,69.66,4,4.0,31.0
2024-05-28 19:35:29+00:00,2024-05-28 19:35:35+00:00,75.0,70.55166666666666,6,6.0,203.0
2024-05-28 19:39:33+00:00,2024-05-28 19:39:38+00:00,71.21,69.174,5,5.0,244.0
2024-05-28 19:43:06+00:00,2024-05-28 19:43:12+00:00,70.72,69.46666666666667,6,6.0,213.0
2024-05-28 19:43:41+00:00,2024-05-28 19:43:47+00:00,72.97,70.78833333333334,6,6.0,35.0
2024-05-28 19:45:00+00:00,2024-05-28 19:45:05+00:00,69.86,68.284,5,5.0,79.0
2024-05-28 19:45:17+00:00,2024-05-28 19:45:28+00:00,72.13,68.58181818181818,11,11.0,17.0
2024-05-28 19:45:55+00:00,2024-05-28 19:46:04+00:00,73.63,69.80111111111111,9,9.0,38.0
2024-05-28 19:47:23+00:00,2024-05-28 19:47:29+00:00,72.26,69.53666666666668,6,6.0,88.0
2024-05-28 19:47:53+00:00,2024-05-28 19:47:57+00:00,68.43,66.55,4,4.0,30.0
2024-05-28 19:47:58+00:00,2024-05-28 19:48:02+00:00,67.97,66.8125,4,4.0,5.0
2024-05-28 19:49:15+00:00,2024-05-28 19:49:18+00:00,79.84,76.52,3,3.0,77.0
2024-05-28 19:49:33+00:00,2024-05-28 19:49:36+00:00,65.67,65.52666666666666,3,3.0,18.0
2024-05-28 19:49:48+00:00,2024-05-28 19:49:54+00:00,71.1,68.83166666666666,6,6.0,15.0
2024-05-28 19:51:32+00:00,2024-05-28 19:51:36+00:00,72.05,69.0575,4,4.0,104.0
2024-05-28 19:51:49+00:00,2024-05-28 19:51:55+00:00,73.33,71.06166666666667,6,6.0,17.0
2024-05-28 19:53:46+00:00,2024-05-28 19:53:51+00:00,67.04,66.262,5,5.0,117.0
2024-05-28 19:54:06+00:00,2024-05-28 19:54:13+00:00,71.27,68.10857142857142,7,7.0,20.0
2024-05-28 19:54:16+00:00,2024-05-28 19:54:35+00:00,76.16,71.68052631578948,19,19.0,10.0
2024-05-28 19:56:24+00:00,2024-05-28 19:56:28+00:00,68.84,67.2525,4,4.0,128.0
2024-05-28 19:58:54+00:00,2024-05-28 19:58:57+00:00,68.62,67.72666666666667,3,3.0,150.0
2024-05-28 20:02:45+00:00,2024-05-28 20:02:51+00:00,72.01,69.03,6,6.0,231.0
2024-05-28 20:03:50+00:00,2024-05-28 20:03:54+00:00,70.21,67.45,4,4.0,65.0
2024-05-28 20:05:48+00:00,2024-05-28 20:05:52+00:00,71.2,68.96000000000001,4,4.0,118.0
2024-05-28 20:06:34+00:00,2024-05-28 20:06:39+00:00,72.31,68.846,5,5.0,46.0
2024-05-28 20:07:23+00:00,2024-05-28 20:07:27+00:00,69.14,67.49249999999999,4,4.0,49.0
2024-05-28 20:08:20+00:00,2024-05-28 20:08:27+00:00,73.84,67.94428571428571,7,7.0,57.0
2024-05-28 20:09:35+00:00,2024-05-28 20:09:39+00:00,72.03,69.305,4,4.0,75.0
2024-05-28 20:10:30+00:00,2024-05-28 20:10:33+00:00,67.8,66.57666666666667,3,3.0,55.0
2024-05-28 20:13:35+00:00,2024-05-28 20:13:40+00:00,71.31,69.836,5,5.0,185.0
2024-05-28 20:15:03+00:00,2024-05-28 20:15:06+00:00,67.52,66.81333333333333,3,3.0,88.0
2024-05-28 20:15:18+00:00,2024-05-28 20:15:22+00:00,70.6,68.07,4,4.0,15.0
2024-05-28 20:17:34+00:00,2024-05-28 20:17:38+00:00,68.08,66.725,4,4.0,136.0
2024-05-28 20:17:41+00:00,2024-05-28 20:17:47+00:00,72.13,70.19833333333334,6,6.0,7.0
2024-05-28 20:19:57+00:00,2024-05-28 20:20:03+00:00,71.43,68.60666666666667,6,6.0,136.0
2024-05-28 20:20:16+00:00,2024-05-28 20:20:21+00:00,71.15,69.236,5,5.0,19.0
2024-05-28 20:20:27+00:00,2024-05-28 20:20:30+00:00,69.9,68.45,3,3.0,11.0
2024-05-28 20:21:27+00:00,2024-05-28 20:21:30+00:00,71.53,70.65666666666667,3,3.0,60.0
2024-05-28 20:24:21+00:00,2024-05-28 20:24:26+00:00,70.32,68.264,5,5.0,174.0
2024-05-28 20:24:50+00:00,2024-05-28 20:24:54+00:00,67.67,66.46000000000001,4,4.0,29.0
2024-05-28 20:26:37+00:00,2024-05-28 20:26:43+00:00,71.86,68.625,6,6.0,107.0
2024-05-28 20:26:56+00:00,2024-05-28 20:27:00+00:00,72.08,71.1375,4,4.0,19.0
2024-05-28 20:27:21+00:00,2024-05-28 20:27:24+00:00,69.03,68.04666666666667,3,3.0,25.0
2024-05-28 20:31:21+00:00,2024-05-28 20:31:26+00:00,71.24,68.734,5,5.0,240.0
2024-05-28 20:32:03+00:00,2024-05-28 20:32:08+00:00,74.99,72.418,5,5.0,42.0
2024-05-28 20:32:40+00:00,2024-05-28 20:32:45+00:00,70.65,69.208,5,5.0,37.0
2024-05-28 20:33:51+00:00,2024-05-28 20:33:54+00:00,67.39,66.64,3,3.0,71.0
2024-05-28 20:35:04+00:00,2024-05-28 20:35:10+00:00,70.54,68.77166666666666,6,6.0,73.0
2024-05-28 20:39:03+00:00,2024-05-28 20:39:12+00:00,80.15,73.18444444444444,9,9.0,239.0
2024-05-28 20:39:30+00:00,2024-05-28 20:39:34+00:00,72.94,71.5725,4,4.0,27.0
2024-05-28 20:40:42+00:00,2024-05-28 20:40:46+00:00,67.15,66.70750000000001,4,4.0,72.0
2024-05-28 20:41:36+00:00,2024-05-28 20:41:39+00:00,67.4,66.36666666666667,3,3.0,54.0
2024-05-28 20:41:44+00:00,2024-05-28 20:41:48+00:00,67.81,65.9725,4,4.0,8.0
2024-05-28 20:43:38+00:00,2024-05-28 20:43:49+00:00,74.4,70.21545454545455,11,11.0,114.0
2024-05-28 20:44:23+00:00,2024-05-28 20:44:29+00:00,70.46,67.685,6,6.0,45.0
2024-05-28 20:44:43+00:00,2024-05-28 20:44:46+00:00,71.37,69.14999999999999,3,3.0,20.0
2024-05-28 20:47:10+00:00,2024-05-28 20:47:15+00:00,66.43,66.034,5,5.0,147.0
2024-05-28 20:48:32+00:00,2024-05-28 20:48:35+00:00,66.64,66.32,3,3.0,82.0
2024-05-28 20:50:00+00:00,2024-05-28 20:50:05+00:00,72.06,69.014,5,5.0,88.0
2024-05-28 20:50:19+00:00,2024-05-28 20:50:23+00:00,67.47,66.6725,4,4.0,19.0
2024-05-28 20:50:25+00:00,2024-05-28 20:50:32+00:00,72.26,68.93857142857142,7,7.0,6.0
2024-05-28 20:50:33+00:00,2024-05-28 20:50:37+00:00,68.91,67.37,4,4.0,8.0
2024-05-28 20:52:14+00:00,2024-05-28 20:52:19+00:00,70.53,67.792,5,5.0,101.0
2024-05-28 20:55:03+00:00,2024-05-28 20:55:11+00:00,67.79,66.78625,8,8.0,169.0
2024-05-28 20:56:33+00:00,2024-05-28 20:56:38+00:00,72.04,69.878,5,5.0,90.0
2024-05-28 20:57:00+00:00,2024-05-28 20:57:05+00:00,75.17,70.838,5,5.0,27.0
2024-05-28 20:58:40+00:00,2024-05-28 20:58:44+00:00,69.38,67.1475,4,4.0,100.0
2024-05-28 20:58:50+00:00,2024-05-28 20:58:53+00:00,72.43,71.54666666666667,3,3.0,10.0
2024-05-28 20:59:21+00:00,2024-05-28 20:59:24+00:00,69.73,66.91333333333334,3,3.0,31.0
2024-05-28 20:59:25+00:00,2024-05-28 20:59:31+00:00,71.73,68.83,6,6.0,4.0
2024-05-28 20:59:35+00:00,2024-05-28 20:59:41+00:00,70.96,68.885,6,6.0,10.0
2024-05-28 21:00:34+00:00,2024-05-28 21:00:42+00:00,74.31,71.63875,8,8.0,59.0
2024-05-28 21:00:57+00:00,2024-05-28 21:01:04+00:00,71.66,70.14714285714285,7,7.0,23.0
2024-05-28 21:01:18+00:00,2024-05-28 21:01:21+00:00,72.09,70.06333333333333,3,3.0,21.0
2024-05-28 21:01:26+00:00,2024-05-28 21:01:50+00:00,71.62,67.77166666666666,24,24.0,8.0
2024-05-28 21:03:08+00:00,2024-05-28 21:03:12+00:00,69.52,68.00999999999999,4,4.0,102.0
2024-05-28 21:03:32+00:00,2024-05-28 21:03:35+00:00,68.88,67.65333333333334,3,3.0,24.0
2024-05-28 21:06:21+00:00,2024-05-28 21:06:27+00:00,72.52,69.95166666666667,6,6.0,169.0
2024-05-28 21:08:07+00:00,2024-05-28 21:08:11+00:00,72.55,70.095,4,4.0,106.0
2024-05-28 21:16:04+00:00,2024-05-28 21:16:07+00:00,70.32,69.01666666666667,3,3.0,477.0
2024-05-28 21:16:11+00:00,2024-05-28 21:16:16+00:00,71.09,68.862,5,5.0,7.0
2024-05-28 21:18:31+00:00,2024-05-28 21:18:36+00:00,71.04,69.492,5,5.0,140.0
2024-05-28 21:19:30+00:00,2024-05-28 21:19:38+00:00,71.72,69.57625,8,8.0,59.0
2024-05-28 21:20:37+00:00,2024-05-28 21:20:41+00:00,68.6,66.35249999999999,4,4.0,67.0
2024-05-28 21:22:34+00:00,2024-05-28 21:22:42+00:00,72.0,68.38374999999999,8,8.0,117.0
2024-05-28 21:24:58+00:00,2024-05-28 21:25:03+00:00,69.37,67.468,5,5.0,144.0
2024-05-28 21:26:01+00:00,2024-05-28 21:26:04+00:00,73.05,70.53666666666668,3,3.0,63.0
2024-05-28 21:26:06+00:00,2024-05-28 21:26:11+00:00,68.6,66.43199999999999,5,5.0,5.0
2024-05-28 21:29:36+00:00,2024-05-28 21:29:39+00:00,66.7,66.19,3,3.0,210.0
2024-05-28 21:36:15+00:00,2024-05-28 21:36:20+00:00,66.21,65.91,5,5.0,399.0
2024-05-28 21:41:27+00:00,2024-05-28 21:41:33+00:00,72.92,69.27166666666666,6,6.0,312.0
2024-05-28 21:44:11+00:00,2024-05-28 21:44:21+00:00,72.86,68.87,10,10.0,164.0
2024-05-28 21:46:32+00:00,2024-05-28 21:46:38+00:00,72.06,69.75333333333333,6,6.0,141.0
2024-05-28 21:48:29+00:00,2024-05-28 21:48:35+00:00,73.61,69.07000000000001,6,6.0,117.0
2024-05-28 21:50:51+00:00,2024-05-28 21:50:57+00:00,71.63,70.20666666666666,6,6.0,142.0
2024-05-28 21:51:16+00:00,2024-05-28 21:51:23+00:00,72.28,68.32714285714286,7,7.0,25.0
2024-05-28 21:52:54+00:00,2024-05-28 21:52:59+00:00,71.84,70.518,5,5.0,98.0
2024-05-28 21:53:03+00:00,2024-05-28 21:53:08+00:00,71.78,68.08,5,5.0,9.0
2024-05-28 21:57:13+00:00,2024-05-28 21:57:18+00:00,71.22,68.634,5,5.0,250.0
2024-05-28 21:59:32+00:00,2024-05-28 21:59:35+00:00,78.43,72.97333333333334,3,3.0,139.0
2024-05-28 21:59:59+00:00,2024-05-28 22:00:04+00:00,69.34,67.508,5,5.0,27.0
2024-05-28 22:00:05+00:00,2024-05-28 22:00:15+00:00,74.08,69.639,10,10.0,6.0
2024-05-28 22:00:21+00:00,2024-05-28 22:00:24+00:00,66.05,65.41000000000001,3,3.0,16.0
2024-05-28 22:00:53+00:00,2024-05-28 22:00:57+00:00,75.66,70.545,4,4.0,32.0
2024-05-28 22:01:22+00:00,2024-05-28 22:01:26+00:00,68.67,67.7625,4,4.0,29.0
2024-05-28 22:01:59+00:00,2024-05-28 22:02:04+00:00,71.54,69.34400000000001,5,5.0,37.0
2024-05-28 22:03:06+00:00,2024-05-28 22:03:09+00:00,72.96,70.24666666666667,3,3.0,67.0
2024-05-28 22:04:56+00:00,2024-05-28 22:05:03+00:00,70.28,68.14571428571428,7,7.0,110.0
2024-05-28 22:06:06+00:00,2024-05-28 22:06:12+00:00,71.63,69.42,6,6.0,70.0
2024-05-28 22:08:17+00:00,2024-05-28 22:08:22+00:00,71.5,70.03,5,5.0,131.0
2024-05-28 22:09:18+00:00,2024-05-28 22:09:21+00:00,71.68,70.66333333333334,3,3.0,61.0
2024-05-28 22:12:17+00:00,2024-05-28 22:12:21+00:00,69.21,67.45,4,4.0,179.0
2024-05-28 22:12:38+00:00,2024-05-28 22:12:41+00:00,67.46,66.36666666666666,3,3.0,21.0
2024-05-28 22:16:27+00:00,2024-05-28 22:16:30+00:00,67.7,66.73,3,3.0,229.0
2024-05-28 22:17:09+00:00,2024-05-28 22:17:14+00:00,69.08,67.088,5,5.0,42.0
2024-05-28 22:19:15+00:00,2024-05-28 22:19:20+00:00,73.45,71.99,5,5.0,126.0
2024-05-28 22:25:47+00:00,2024-05-28 22:25:52+00:00,74.2,70.982,5,5.0,392.0
2024-05-28 22:26:29+00:00,2024-05-28 22:26:34+00:00,76.49,71.414,5,5.0,42.0
2024-05-28 22:30:16+00:00,2024-05-28 22:30:27+00:00,79.75,71.73545454545454,11,11.0,227.0
2024-05-28 22:30:28+00:00,2024-05-28 22:30:31+00:00,65.35,65.24333333333333,3,3.0,12.0
2024-05-28 22:30:37+00:00,2024-05-28 22:30:42+00:00,71.05,69.25399999999999,5,5.0,9.0
2024-05-28 22:33:29+00:00,2024-05-28 22:33:35+00:00,74.27,71.43333333333334,6,6.0,172.0
2024-05-28 22:36:30+00:00,2024-05-28 22:36:39+00:00,79.72,71.48666666666666,9,9.0,181.0
2024-05-28 22:37:06+00:00,2024-05-28 22:37:09+00:00,67.3,66.2,3,3.0,36.0
2024-05-28 22:37:24+00:00,2024-05-28 22:37:30+00:00,73.03,69.04833333333333,6,6.0,18.0
2024-05-28 22:40:32+00:00,2024-05-28 22:40:35+00:00,65.99,65.91666666666667,3,3.0,188.0
2024-05-28 22:40:58+00:00,2024-05-28 22:41:01+00:00,73.15,72.28666666666668,3,3.0,26.0
2024-05-28 22:48:48+00:00,2024-05-28 22:48:52+00:00,68.05,67.3575,4,4.0,470.0
2024-05-28 22:50:00+00:00,2024-05-28 22:50:04+00:00,71.46,69.09,4,4.0,72.0
2024-05-28 22:51:39+00:00,2024-05-28 22:51:45+00:00,70.44,67.81833333333333,6,6.0,99.0
2024-05-28 22:53:31+00:00,2024-05-28 22:53:37+00:00,71.8,70.28500000000001,6,6.0,112.0
2024-05-28 22:53:47+00:00,2024-05-28 22:53:53+00:00,70.62,68.395,6,6.0,16.0
2024-05-28 22:58:31+00:00,2024-05-28 22:58:35+00:00,71.69,69.99,4,4.0,284.0
2024-05-28 22:59:55+00:00,2024-05-28 23:00:00+00:00,71.29,69.426,5,5.0,84.0
2024-05-28 23:00:11+00:00,2024-05-28 23:00:16+00:00,71.88,69.458,5,5.0,16.0
2024-05-28 23:00:57+00:00,2024-05-28 23:01:00+00:00,67.95,67.13,3,3.0,46.0
2024-05-28 23:09:24+00:00,2024-05-28 23:09:29+00:00,72.08,68.50399999999999,5,5.0,507.0
2024-05-28 23:15:24+00:00,2024-05-28 23:15:27+00:00,69.38,68.50999999999999,3,3.0,360.0
2024-05-28 23:18:42+00:00,2024-05-28 23:18:50+00:00,70.22,67.82625,8,8.0,198.0
2024-05-28 23:21:03+00:00,2024-05-28 23:21:09+00:00,72.63,70.255,6,6.0,141.0
2024-05-28 23:30:18+00:00,2024-05-28 23:30:23+00:00,70.83,69.212,5,5.0,555.0
2024-05-28 23:33:15+00:00,2024-05-28 23:33:20+00:00,70.44,69.166,5,5.0,177.0
2024-05-28 23:34:41+00:00,2024-05-28 23:34:45+00:00,70.3,69.255,4,4.0,86.0
2024-05-28 23:40:44+00:00,2024-05-28 23:40:51+00:00,76.88,71.26142857142857,7,7.0,363.0
2024-05-28 23:42:05+00:00,2024-05-28 23:42:08+00:00,68.34,67.15333333333334,3,3.0,81.0
2024-05-28 23:54:57+00:00,2024-05-28 23:55:01+00:00,70.2,69.4225,4,4.0,772.0
2024-05-28 23:56:11+00:00,2024-05-28 23:56:15+00:00,67.73,66.5775,4,4.0,74.0
2024-05-28 23:58:49+00:00,2024-05-28 23:58:53+00:00,70.9,69.94,4,4.0,158.0
2024-05-29 00:00:31+00:00,2024-05-29 00:00:40+00:00,77.13,69.8111111111111,9,9.0,102.0
2024-05-29 00:03:24+00:00,2024-05-29 00:03:29+00:00,78.47,72.99,5,5.0,173.0
2024-05-29 00:05:59+00:00,2024-05-29 00:06:03+00:00,70.2,68.755,4,4.0,155.0
2024-05-29 00:13:58+00:00,2024-05-29 00:14:02+00:00,72.13,70.21000000000001,4,4.0,479.0
2024-05-29 00:14:46+00:00,2024-05-29 00:15:00+00:00,72.64,69.19214285714285,14,14.0,48.0
2024-05-29 00:15:52+00:00,2024-05-29 00:15:56+00:00,69.31,67.1075,4,4.0,66.0
2024-05-29 00:24:24+00:00,2024-05-29 00:24:27+00:00,70.75,69.46,3,3.0,512.0
2024-05-29 00:26:36+00:00,2024-05-29 00:26:42+00:00,69.97,68.53666666666668,6,6.0,132.0
2024-05-29 00:44:00+00:00,2024-05-29 00:44:03+00:00,66.26,65.66333333333334,3,3.0,1044.0
2024-05-29 00:44:04+00:00,2024-05-29 00:44:09+00:00,69.57,67.008,5,5.0,4.0
2024-05-29 00:59:55+00:00,2024-05-29 00:59:59+00:00,69.35,67.51249999999999,4,4.0,951.0
2024-05-29 01:17:51+00:00,2024-05-29 01:17:54+00:00,69.12,67.06666666666666,3,3.0,1076.0
2024-05-29 01:18:10+00:00,2024-05-29 01:18:13+00:00,66.51,66.04,3,3.0,19.0
2024-05-29 01:25:16+00:00,2024-05-29 01:25:23+00:00,74.33,69.31428571428572,7,7.0,426.0
2024-05-29 01:27:23+00:00,2024-05-29 01:27:28+00:00,68.8,67.356,5,5.0,127.0
2024-05-29 01:54:15+00:00,2024-05-29 01:54:18+00:00,70.32,68.66333333333334,3,3.0,1612.0
2024-05-29 01:57:17+00:00,2024-05-29 01:57:21+00:00,70.46,68.585,4,4.0,182.0
2024-05-29 02:06:10+00:00,2024-05-29 02:06:13+00:00,66.46,66.05,3,3.0,533.0
2024-05-29 02:39:37+00:00,2024-05-29 02:39:43+00:00,69.72,67.49333333333333,6,6.0,2007.0
2024-05-29 02:39:45+00:00,2024-05-29 02:39:52+00:00,71.59,69.34714285714286,7,7.0,8.0
2024-05-29 02:39:53+00:00,2024-05-29 02:39:58+00:00,70.28,68.702,5,5.0,8.0
2024-05-29 02:46:49+00:00,2024-05-29 02:46:56+00:00,73.36,69.94571428571429,7,7.0,416.0
2024-05-29 03:04:19+00:00,2024-05-29 03:04:23+00:00,69.1,67.515,4,4.0,1050.0
2024-05-29 03:12:12+00:00,2024-05-29 03:12:17+00:00,74.49,70.874,5,5.0,473.0
